/*
Navicat MySQL Data Transfer

Source Server         : project
Source Server Version : 50621
Source Host           : 127.0.0.1:3306
Source Database       : costone

Target Server Type    : MYSQL
Target Server Version : 50621
File Encoding         : 65001

Date: 2018-06-19 14:48:32
*/

SET FOREIGN_KEY_CHECKS=0;

-- ----------------------------
-- Table structure for act_ge_bytearray
-- ----------------------------
DROP TABLE IF EXISTS `act_ge_bytearray`;
CREATE TABLE `act_ge_bytearray` (
  `ID_` varchar(64) COLLATE utf8_bin NOT NULL DEFAULT '',
  `REV_` int(11) DEFAULT NULL,
  `NAME_` varchar(255) COLLATE utf8_bin DEFAULT NULL,
  `DEPLOYMENT_ID_` varchar(64) COLLATE utf8_bin DEFAULT NULL,
  `BYTES_` longblob,
  `GENERATED_` tinyint(4) DEFAULT NULL,
  PRIMARY KEY (`ID_`),
  KEY `ACT_FK_BYTEARR_DEPL` (`DEPLOYMENT_ID_`),
  CONSTRAINT `ACT_FK_BYTEARR_DEPL` FOREIGN KEY (`DEPLOYMENT_ID_`) REFERENCES `act_re_deployment` (`ID_`)
) ENGINE=InnoDB DEFAULT CHARSET=utf8 COLLATE=utf8_bin;

-- ----------------------------
-- Records of act_ge_bytearray
-- ----------------------------
INSERT INTO `act_ge_bytearray` VALUES ('12', '8', 'hist.var-expa', null, 0xACED00057372001B636F6D2E6266772E6265616E2E457870656E73654163636F756E7426D7CE7F781F0B010200104C000B657870656E7365446573637400124C6A6176612F6C616E672F537472696E673B4C0009657870656E736549647400134C6A6176612F6C616E672F496E74656765723B4C000B657870656E73654E616D6571007E00014C000C657870656E7365537461746571007E00014C000B657870656E736554696D657400104C6A6176612F7574696C2F446174653B4C000C657870656E7365546F74616C7400124C6A6176612F6C616E672F446F75626C653B4C000B66696E616E63654465736371007E00014C000966696E616E6365496471007E00024C000B66696E616E63654D61726B71007E00024C000B66696E616E63654E616D6571007E00014C000B6D616E616765724465736371007E00014C00096D616E61676572496471007E00024C000B6D616E616765724D61726B71007E00024C000B6D616E616765724E616D6571007E00014C000675736572496471007E00024C0008757365724E616D6571007E0001787074000CE4B889E4B889E59B9BE59B9B7074000CE4B88AE6B5B7E587BAE5B7AE7070737200106A6176612E6C616E672E446F75626C6580B3C24A296BFB0402000144000576616C7565787200106A6176612E6C616E672E4E756D62657286AC951D0B94E08B0200007870409F400000000000740015E58886E68AB5E8BEBEE4BA8BE58F91E5BD93E697B6737200116A6176612E6C616E672E496E746567657212E2A0A4F781873802000149000576616C75657871007E00090000000171007E000D740009E5BCA0E5B08FE4B88974000FE5A4A7E69292E697A6E69292E697A67371007E000C0000000171007E0010740009E5BCA0E5B08FE4B8897371007E000C00000001740009E5BCA0E5B08FE4B889, null);
INSERT INTO `act_ge_bytearray` VALUES ('2', '1', 'ExpenseProcess/ExpenseProcess.png', '1', 0x89504E470D0A1A0A0000000D49484452000002EE0000023A0802000000F7D05AA4000037E049444154789CEDDD7FACD3D77DFF71A781E0A245B9D3BAE14DDB70B73FB0B48D6BAD95E08F6918A6E57AD2D6585A14EEFA07B5542D01554BD134B5974D09D31A86A635BBEAD2886E0DBDDAC4779E2A82A592ECAE81F49601BD0B70B984903884DB380552274062C6BDF0E15E5FEEE77BB09353E31F9F6B9BCFF1F1E79CE7434757BEBEF6C79F8FCF39EFF3BAFE1972010000022BA47B070000003A47940100000146940100000146940100000146940100000146940100000146940100000146940100000146940100000146940100000146940100000146940100000146940100000146940100000146940100000146940100000146940100000146940100000146940100000146940102CF719C6C36BB7DFBF6542A95F858329914E764329962B1A87B07014021A20C106022C188C8120E87458811C165EFDEE70F1C7CB9D2F6BFF0E2134F3C393838D8D7D7B776EDDA919111DD3B0B004A106580409A9C9C4C241222C188C832579AF76E878F1CDDB4E90BF1787C6C6C4CF78E0380CF883240F0ECDCB953E49203075F5E34C454B7E32726D6AD5BB779F366C771741F0100F8862803048948218383834343436D8598EAF6CD679F4D2412854241F7A100803F88324060881CB376EDDA4C26D3718E91CF3789EDE4F379DD0704003E20CA008131383878F739463ED924D20CCF34013000510608869D3B77DECDF34AF56DEFDEE753A994EEC30280BB45940102607272321E8FFB98632AEDD1471FDBB56B97EE830380BB4294010240E498E327267C8F32E72F5C5CB932CAD34C00028D2803F4BA6C369B4AA57CCF3195F6F8E35F1E1E1ED67D8800D039A20CD0EB128944BB1F21D3D60333914844F7210240E78832404F2B168B7D7D7D8A724CA5AD59B3667C7C5CF7810240878832404F1B191949A7D34AA3CC533B760C0D0DE93E5000E8105106E8699B376FDEB56B97D22873E0E0CB894442F7810240878832404F4B2693AD7C61E4DDB47353532B5746751F280074882803F434456FC3AE6ED7A667C2E1B0EE0305800E1165809E168944CE5FB8A834CA88160A510A000415F50BE869B158ECB53367883200D00CF50BE8694A3F5486D7CA0030005106E869E974FAB9DDBB954699C3478EAE59B346F7810240878832404F1B1E1E7EFCF12F2B8D32222A6DDAF405DD070A001D22CA003D2D9FCF47A351A55166606060747454F781024087883240AF53FACADF6BD3337D7D7D7C393680E022CA00BD4EE9734C5F7FFA69B171DD8708009D23CA00BDCE719C6834AAE2D365AE4DCFAC5C192D140ABA0F11003A479401022093C93CB271230FC900403DA20C100C9F7BE8A1BD7B9FF731C7BC76E64C7F7FFFB5E919DD470600778528030443B1585CB3668D5FAFFFBD74F98AC831E7A6A6741F1600DC2DA20C1018B95C4EA419913FEE3EC77CEEA187F6BFF0A2EE0302001F10658020999C9CECEFEF3F7CE4E8DD3CAF24F21039068031883240C0148BC575EBD63DF1C493972E5F692BC45C9B9EF9FAD34F579EA5D27D1000E01BA20C103C8EE38828B36A554C441311505AC931CFEDDE2D2EFFF8E35F160148F7EE03809F88324050150A85AD5BB7F6F5F57DEEA1874452397E62A226BE8873F6ECF97F8F6CDC282EB369D317F2F9BCEE5D0600FF11658060731C279BCDA6D3E9FEFEFED09DC43922C764329962B1A87B37014015A20C601A116B74EF0200740F5106304D28C4BC0660114A1E601AA20C00AB50F200D31065005885920798862803C02A943CC03444190056A1E401A621CA00B00A250F300D5106805528798069883200AC42C9034C43940160154A1E601AA20C00AB50F200D31065005885920798862803C02A943CC03444190056A1E401A621CA00B00A250F300D5106805528798069883200AC42C9034C43940160154A1E601AA20C00AB50F200D31065005885920798862803C02A943CC03444190056A1E401A621CA00B00A250F300D5106805528798069883200AC42C9034C43940160154A1E60824C2623124C381C8EC7E3E2442412113F972F5F9ECBE574EF1A00A84594014CB06FDFBE509DF5EBD767B359DDBB06006A11650013388EB36CD9B2EA1CB37AF5EA4824522C1675EF1A00A84594010CB16DDBB6254B96C828B365CB96A1A121DD3B0500CA11650073AC58B1A29263366EDC188D461DC7D1BD4700A01C510630C7A14387962E5D2AA24C3299E45532002C4194018CB261C3864A94D1BD2300D0254419C0288542414419DE830DC01E4419C0347C441E00AB50F2007F388E93C964060707138944341AADFF94174B886317F7402A951A1919E1ADE000BA802803F8607474542CE122C7ECD9B3E7C0C183E7A6A6E64A253B9B3876710FECDDBB77D3A64DE23E11814677E700301C5106B82BC562319D4E0F0C0C9CBF707EAE3447AB6E972E5F128146DC3985424177470130165106E89CC831F178FCB9DDDF9E2BCDD29AB5FD2FEC5FB3664D3E9FD7DD5D00CC4494013A974EA7CB39E626CDBB1D38F8D2BA75BFAFBBBB0098892803746874747460E0C1D2BC436BA57DE5AB7FB563C7D774771A00031165804E388E138D462F5CCC97E66FD05A69D3331FF6F7AFE6036F00F88E280374626464249D4E97E6AFCBB63EF9C72DBE5DB9FA5A56B51D3BFE8E6FB804E03BA20CD089542AB5F7F9FFFC598E7970E0A7AEFBCE2DF7AD92FBFAAC7B6AD63D3E3D3FFCFCCBDFBF78F59539F77F1DF715C73D7CDD7DE9A6FB8DC3A71FDDFC98F654A1A59D98188FC7E3BABB0E80698832402762B1D89933274BF33395160A85A65D7766C1BD3AEF7E30E75E77DDBFFCEB27439FF8B9B50FA62E96DCF3B3EEF99B6EDE71CFCDBBDFFDD1A9F203333316B6E9992BE1705877D701300D5106E8445F5FDFE52B174BF3D39526D2C9F55BEEECADDB7F9A5FB8FDF37B2FFEF7AFFCE66FFFCD535F9F77DD6BF3EED592FB41C92DBAEE4BC75E2D4799693B5B882F5500E037CA0AD089721CB9269BF87566DEBD72C39DBBF5D1058AC5E23F3DF3ADAFFDE333E7DFBDFDE970A50577AE1C718E9E3855735DAB1A510680EF282B4027CA71E4FF64BB1D656EB997AEBBEF4DBB25D79D9B9D8DAD5A150ADD1B0A851FFEB34DD5573C3E71B2E6BA5635A20C00DF5156804E94E3C855D92A4F305DB9E1BE7BCD7DFFA67BFCCC8F57AC5871EF92FB3EF9C0A7063F7F4794397662A2E6BA5635A20C00DF5156804E94E3485136F1EB8D05F703E7F6A332976EBA078FE57EA7FF339FFAC55F7AA0EFE7BFF56FDFBDE9BAD3B3EEF5D9DB573C3C7EACE6BA5635A20C00DF5156804E8825797EFE43D92A2BB44833574BEE8773EEBBD74A474FE7FB7FF7B3EBFFF08FDE9F75DF73DCF71DF7CAAC2BC2CCE1578ED55CD7AA469401E03BCA0AD0899A389258BFEED537DE3A7E3A373E993B32913B72F2ECD157A77EF0CAEB3F3AFDF6A189B3FF33F1E691936F8E9F3A7BFAAD9F3CFB2FBB1FD9F888F648419401600CCA0AD0897294F9A0BA7DE94B8FB5F251BF7FFAF0C33557B4AA116500F88EB20274A21C65AED0DA6D441900BEA3AC009DB81D656E5DA6B5DB8832007C4759013A518E329768ED36A20C00DF5156804E94A3CCFBB4761B510680EF282B4027CA51E63D5ABB8D2803C0779415A0A94C2693CFE71BFEA91C650AB4765BB328E37157038037A20CD0D8D9B3672B6F9FBEFFFEFBF7EEDD5BF357A28C2F51A6582C7EFEF39FAFDCCFBFFCCBBF4C9A01D001A20CD098E3389FF8C4272AABECD2A54B7FEBB77EAB7AA12D47999F76A72D7A5BF517687895162FA6FA58E47DB86BD7AE70385CB987C589482452281434F434808023CA004D89C5B5FAD3ED3EF9C94F7EF18B5F1411C72D47995BB7DEED4E93B755FF817BD5E7D75CB2E644FDAFDD3C84EA1B15F75E2E97FB8DDFF88DEA0359BB766D341AD5DDE1000289286385C9C9C931C5B62BB675EBD6846262296DE5E37AAB62C4C5EE34795B35375AF9D5E3CCEA3FF5C281547643DCD56DDDCFF61023508E4631E64747478BC5A2EEE201040051A6DBC4FFF49585BFE315B403F1785C750E501D6586878755A7B1FA176A3CF0C003F23E4C958923CDE572EE478FCA5C50DDAA3BB1F26BCD5F3DAEE8714EB3D3DD392271EF89BBFA0FFEE00F7EEDD77E4D1EDDFDF7DF2F4669F7E7634F11774BF5FF06C964B2AFAF4F0CB96C36AB7BD7809E4694E91E519EC45A180E872B0BBFC70A8A5E20FE21AEACB2B158ECCFFFFCCFC5CF4C2623FF5A4E00E7BBD3E46D559FA8395DF9B56190ADB958B30B74ED58E47D383A3ABA72E5CA5FFDD55FADECC6B265CB2A4FDEA15AA56E889C57C9D000EA1165BAA15028541EBAE0BFAB0079E79D7744EE14FF1947A3D1A1A1A19A87FACB09E027DD69F2B69ADDA8C7051AFEA9D9E9EE1C4BF5DD28B28B88F5BFFEEBBF2E966AF1737272B2BB9D1C18E29E1177517598062011659413FF7A8A7FE8C5BF56BA77046D13D1736464A4E1C3665D8E32959B6BF4804A6D5EF1B84CF34765B445990A710F8BFB99A0EF4DC4BEC1C1417147E9DE11A0E71065D412D5399148F0DA3DF39413C03BAA5B55DAF8E857F9B3FA577999FABD6AB89FDDD9F96647A4BBEB024CA419514FC6C7C775EF08D05B282B0A89FF35E3F13839C648B7D3C042BE3B4DDE56E544F5CFFA0B3478D0A5C9F93597E9DAB1E8EEBA60135525168BF1A222A01A6545A1B56BD7F2FF93A9CACBFFDBDD69F2B6EA4F789FDFF09C666776ED5874775DE06DDDBA75787858F75E003D84B2A24A369B4DA552BAF702AA94D3C08FBBD3E46D554E54FF94E7D79F5973DD45CFECDAB1E8EEBAC0CBE572B1584CF75E003D84B2A24A32991C1D1DD5BD1750A59C06A6BAD03E8E29B5A72BBF363BD1F0F2F557EC7E23CAF882477C816A9415250A85422412D1BD1750A89C06CED1DA6D44195FF01C13508DB2A204CF2E19AF1C65DEA2B5DB8832BEA0C200D5282B4AF03F93F1883244198D78B90C508DB2A2442291E033F1CC2696E48585B3B4761B51C617F97C9E2F120724CA8A12BC28CF78E528F326ADDD4694F10BF7242031199410FF30F12591662B47991CADDDC602EC17EE4940623228D1D7D7C787FC9AAD1C65DEA0B5DB5880FDC23D09484C0625A832C60B87C3376E9C5C58789DD656636AF8857B1290980C4A50658C178D46DF7EFBFB0B0B67686D35A6865FB8270189C9A00455C678C964F2BF46772DB8AFD15A6F6FE4BEC75B88FD429101242683125419E3EDDCB97368E88BDAC341B0DA77469E4AA7D3BABBCE101419406232284195315E3E9F8FC53E7DC339BEE09EA6B5D852A90DD96C5677D719822203484C0625A83236D87EDBE605F7555A2BED3F32FF303898D4DD69E6A0C80012934109AA8C0D1CC749243E3B3EFEEFAE7B8AE6DD0A8583B1D8A78BC5C3BA3BCD1C1419406232284195B1442E978BC757E57259D79DA4356B22C788CC3736F66DDDDD65148A0C20311994A0CAD8637C7C5CA4999D3BFFC2754FD2EA5B36FB742C161D1BFB57DD1D651A8A0C20311994A0CA58C5719CA1A17422F1999191BF2D145E72DD095AB1F8C34CE6EF07070752A98438ADBB8B0C4491012426831254190B8D8D8DA5D37F1289FC4208A1505FDFFD83830F8A34A3BB5B8C15A2C8001F633228419581467C768B0D283280C46450822A038D187E36A0970189C9A00455061A31FC6C402F0312934109AA0C3462F8D9805E0624268312541968C4F0B301BD0C484C0625A832D088E167037A1990980C4A5065A011C3CF06F43220311994A0CA4023869F0DE86540623228419581460C3F1BD0CB80C46450822A038D187E36A0970189C9A00455061A31FC6C402F0312934109AA0C3462F8D9805E0624268312541968C4F0B301BD0C484C0625A832D088E167037A1990980C4A5065A011C3CF06F43220311994A0CA4023869F0DE86540623228419581460C3F1BD0CB80C46450822A038D187E36A0970189C9A00455061A31FC6C402F0312934109AA0C3462F8D9805E0624268312541968C4F0B301BD0C484C0625A832D088E167037A1990980C4A5065A011C3CF06F43220311994A0CA4023869F0DE86540623228419581460C3F1BD0CB80C46450822A038D187E36A0970189C9A00455061A31FC6C402F0312934109AA0C3462F8D9805E0624268312541968C4F0B301BD0C484C0625A832D088E167037A1990980C4A5065A011C3CF06F43220311994A0CA4023869F0DE86540623228419581460C3F1BD0CB80C46450822A038D187E36A0970189C9A00455061A31FC6C402F0312934109AA0C3462F8D9805E062426831254197459269311A32E1C0EC7E37171221289889FCB972FCFE572BA770D4A50640089C9A00455065DB66FDFBE509DF5EBD767B359DDBB0625283280C46450822A832E731C67D9B265D53966F5EAD59148A4582CEADE352841910124268312541974DFB66DDB962C5922A3CC962D5B86868674EF1454A1C80012934109AA0CB458B1624525C76CDCB8311A8D3A8EA37B8FA00A450690980C4A5065A0C5A14387962E5D2A865F3299E4553266A3C80012934109AA0C74D9B0614325CAE8DE11A8459101242683125419E8522814C4F0E33DD8C6A3C80012934109AA0C3462F8D9805E062426831254190B398E93C964060707138944341AADFF94174B886317F7402A951A1919E1ADE0EA842832C0C7980C4A50656C333A3A2A96709163F6ECD973E0E0C173535373A5929D4D1CBBB807F6EEDDBB69D326719F8840A3BB73CC4491012426831254197B148BC5743A3D303070FEC2F9B9D21CADBA5DBA7C49041A71E7140A05DD1D651A8A0C20311994A0CA5842E498783CFEDCEE6FCF956669CDDAFE17F6AF59B3269FCFEBEE2EA350640089C9A00455C612E974BA9C636ED2BCDB81832FAD5BF7FBBABBCB281419406232284195B1C1E8E8E8C0C083A57987D64AFBCA57FF6AC78EAFE9EE347350640089C9A00455C6788EE344A3D10B17F3A5F91BB456DAF4CC87FDFDABF9C01BBF50640089C9A00455C678232323E974BA347F5DB6F5C93F6EF1EDCAD5D7B2AAEDD8F1777CC3A55F283280C46450822A63BC542AB5F7F9FFFC598E7970E0A7AEFBCE2DF7AD92FBFAAC7B6AD63D3E3D3FFCFCCBDFBF78F59539F77F1DF715C73D7CDD7DE9A6FB8DC3A71FDDFC98F654A1A59D98188FC7E3BABBCE101419406232284195315E2C163B73E664697EA6D2448F4FBBEECC827B75DEFD60CEBDEEBA7FF9D74F863EF1736B1F4C5D2CB9E767DDF337DDBCE39E9B77BFFBA353E50766662C6CD33357C2E1B0EEAE3304450690980C4A50658CD7D7D777F9CAC5D2FC74A5891EBF7ECB9DBD75FB4FF30BB77F7EEFC5FFFE95DFFCEDBF79EAEBF3AE7B6DDEBD5A723F28B945D77DE9D8ABE528336D67636AF8857B1290980C4A50658C578E23D76413BFCECCBB576EB873B73EBA40B158FCA767BEF5B57F7CE6FCBBB73F1DAEB4E0CE9523CED113A76AAE6B55636A7440DE69F5AFBB6A78B16657074CC5105782DA61BC721CF93FD96E47995BEEA5EBEE7BD36EC975E7666763AB568542F78642E187FF6C53F5158F4F9CACB9AE558DA95163D11789CB8B555F455EB17E6B0D6F42D9EE033D8121AE04B5C378E5387255B6CA134C576EB8EF5E73DFBFE91E3FF3E3152B56DCBBE4BE4F3EF0A9C1CFDF11658E9D98A8B9AE558DA9B1A856EEA28639E66E3608041A435C096A87F1CA71A4289BF8F5C682FB8173FB51994B37DD83C772BFD3FF994FFDE22F3DD0F7F3DFFAB7EFDE74DDE959F7FAECED2B1E1E3F56735DAB1A5363511E7791C7C3361D5C0C3006E35B090A87F14417CFCF7F285BA5C7459AB95A723F9C73DFBD563A7A3ADFFFBB9F5DFF877FF4FEACFB9EE3BEEFB857665D11660EBF72ACE6BA5635A686378F68E2D6BD68A6FE1C9E60829D18E24A503B8C57134712EBD7BDFAC65BC74FE7C62773472672474E9E3DFAEAD40F5E79FD47A7DF3E3471F67F26DE3C72F2CDF153674FBFF59367FF65F7231B1FD11E2988323DA83EA054FFC96DE1E1168FD7D6000663882B41ED305E39CA7C50DDBEF4A5C71AAE3435FEF4E1876BAE6855636A3453FF288BF75F1B869E860986FB1CC663882B41ED305E39CA5CA1B5DB981A0D2DFA684ABB8FCA34DB26602486B812D40EE3DD8E32B72ED3DA6D4C8D1A3571C4FB09A3B61E95F13E133009435C096A87F1CA51E612ADDDC6D4F0D6ECFE691865BC1F95A9BE989A9D057A05435C096A87F1CA51E67D5ABB8DA9E1CD3BCAB4720EF7302CC4A057826A62BC7294798FD66E636A78F37886C8E3B5E435575CF42535806118DF4A50388C578E32055ABB8DA9E117EE49406232284195311E518628A317F72420311994A0CA18AF1C657EAAA2B5BEE586CF23B4B5C1EA3FA93BA29A5BD4DD7586E09E04242683125419E3892EBE75EB5D154D6EB926A3D49C5973C9EA131E2FAAA8DE54F5151BFEAAE8E874779D21B8270189C9A00455C678E555FFA2EFADE1666BCE94BF363BE1BD6FD57F95976F1477FC3FBACA6DE9EE3A43704F0212934109AA8CF1CA8BFD057F9BDC66F5C6EB6FA8FA628D2248D3CDD69C5973151547D4F07675779D21B8270189C9A00455C678E585FFBCBFAD2A5BFCEC1CF9B3E6CC454F347F76C96B53F537E7FB31EAEE3A43704F0212934109AA8CF1CAEBFD4F5434B9E5EA9BA83EF3E344D2E092DED7AD3F2DB77367D651725CF24675779D21B8270189C9A00455C6788A96FC8659C423AF347AD0A5E99F6A924AC3739ADD3A51A6D7704F0212934109AA8CF1CA8BFD3BFEB63B03C71DBF56DF5CFD4D7B9FD3F0B4BC89667F52D4981A7EE19E04242683125419E3DD5EEF17F25D68F53724CF69FCA04BF33F555FA07A533557547D38BABBCE10DC9380C46450822A63BCF292FFB68AF671B0F8D9AFDE17687699454F37FC55DD71C99BD0DD7586E09E04242683125419E39597FC1FFBDB3E4E12B567B67B99D6FF5AFD27795AC5A155DF8AEEAE3304F72420311994A0CA18AFBCDE4FA96B4D9E1B5AE4020DF7CA63572B7F6AB87175C7A5BBEB0CC13D09484C0625A832C62B2FF6E768ED36A6865FB8270189C9A00455C678E528F316ADDDC6D4F00BF72420311994A0CA188F284394D18B7B1290980C4A50658C27BA7861E12CADDDC6D4F00BF72420311994A0CA18AF1C65DEA4B5DB981A7EE19E04242683125419E395A34C8ED66E636AF8857B1290980C4A50658C578E326FD0DA6D4C0DBF704F0212934109AA8CF1C2E1F08D1B2717165EA7B5D5981A7EE19E04242683125419E345A3D1B7DFFEFEC2C2195A5B8DA9E117EE49406232284195315E3299FCAFD15D0BEE6BB4D6DB1BB9EFC56231DD5D67088A0C20311994A0CA186FE7CE9D43435FD41E0E82D5BE33F2543A9DD6DD7586A0C80012934109AA8CF1F2F97C2CF6E91BCEF105F734ADC5964A6DC866B3BABBCE101419406232284195B1C1F6DB362FB8AFD25A69FF91F987C1C1A4EE4E3307450690980C4A50656CE0384E22F1D9F1F17F77DD5334EF56281C8CC53E5D2C1ED6DD69E6A0C80012934109AA8C2572B95C3CBE2A97CBBAEE24AD5913394664BEB1B16FEBEE2EA350640089C9A00455C61EE3E3E322CDECDCF917AE7B9256DFB2D9A763B1E8D8D8BFEAEE28D350640089C9A00455C62A8EE30C0DA51389CF8C8CFC6DA1F092EB4ED08AC51F66327F3F3838904A25C469DD5D64208A0C20311994A0CA58686C6C2C9DFE9348E417420885FAFAEE1F1C7C50A419DDDD62AC104506F818934109AA0C34E2B35B6C40910124268312541968C4F0B301BD0C484C0625A832D088E167037A1990980C4A5065A011C3CF06F43220311994A0CA4023869F0DE86540623228419581460C3F1BD0CB80C46450822A038D187E36A0970189C9A00455061A31FC6C402F0312934109AA0C3462F8D9805E0624268312541968C4F0B301BD0C484C0625A832D088E167037A1990980C4A5065A011C3CF06F43220311994A0CA4023869F0DE86540623228419581460C3F1BD0CB80C46450822A038D187E36A0970189C9A00455061A31FC6C402F0312934109AA0C3462F8D9805E0624268312541968C4F0B301BD0C484C0625A832D088E167037A1990980C4A5065A011C3CF06F43220311994A0CA4023869F0DE86540623228419581460C3F1BD0CB80C46450822A038D187E36A0970189C9A00455061A31FC6C402F0312934109AA0C3462F8D9805E0624268312541968C4F0B301BD0C484C0625A832D088E167037A1990980C4A5065D065994C468CBA70381C8FC7C5894824227E2E5FBE3C97CBE9DE352841910124268312541974D9BE7DFB4275D6AF5F9FCD6675EF1A94A0C80012934109AA0CBACC719C65CB9655E798D5AB5747229162B1A87BD7A004450690980C4A5065D07DDBB66D5BB264898C325BB66C191A1AD2BD5350852203484C0625A832D062C58A15951CB371E3C66834EA388EEE3D822A14194062322841958116870E1D5ABA74A9187EC9649257C9988D2203484C0625A832D065C3860D9528A37B47A016450690980C4A5065A04BA15010C38FF7601B8F2203484C0625A832D088E167037A1990980C4A5065A04BB1584CA7D3BC07DB781419406232284195811622C1AC5BB7EEB9DDBB13890469C66C141940623228419541F75572CCF1131373A579F1933463368A0C20311994A0CAA0CBAA734CA59166CC46910124268312541974537D8E21CD188F2203484C0625A832E89A6639863463B042A110894474EF05D02B58719520CAA03BBC730C69C654F97C3E1A8DEADE0BA057B0E22A41944117B492634833461A1D1DE5039D0189155709A20C546B3DC79066CCB3BD4CF75E00BD82155709A20C946A37C790660C934C2647474775EF05D02B58719520CA409DCE720C69C6188542211A8D3A8EA37B47805EC18AAB0451068AD4E798FD2FBCB86A55ECDCD454C3EC72E9F295FEFEFEE776EF26CD1863787878EBD6ADBAF702E821ACB84A1065A042C31C130E87C5785BB9325A9F662A392654469A3183E338D168B45028E8DE11A087B0E22A419481EF3C724C454D9AA9CE31A41963A4D3E9919111DD7B01F41656DCB6C99812AA537D9966698694830ED4E7986BD3339148A46604CA34539F6304917BCE5FB8489A09AEE1E1E1CD9B37EBDE0BA0E7B0ACDEA13E9D340C2B35A9A5D9990D530B5106EDF2F85E82BEBEBEFA343371F264C31CB3FF851779157040398E934EA7C93140432CAB8B682579D43F06E3712DA20CDAB2E8F712D4A799FBEEBBAF951C439A0904D135C3C3C3D16894E7958066585617E11D4A5A7CD8A6D9C5006F2D7E2F417D9A6931C790667AD6D8D8D8CE9D3B53A99408315BB76EE575BE8007D6542FCD9E210ADDF9FC51C313CD220B39062D6AEB7B099AA59945734C759AF9BDDFFB3D8F48846E12DD31343494CD668998C0A258569BAA1414B751F890E7D7ABB940F5AFF5A7010F22C71C38F8728B9F7DF783B11FDE7BEFBD35A3F19E7BEED9BDFB3B2D6E41DC96583E751F3400B48D65B5318F2CE2F1D76651C66353403393939322CD5CBA7C65D114D2F0FD4A150D3F6FA6E116448E11B7A8FBA001A06D2CAB0D2CFA684ABB8FCA34DB26E0AD9534E391635A4C33E4180081C6B27A87EA38E2367930C6EDE8519966DB04BC79A7998639E69E7BEE693DCD906300041DCBAA9766B1A36194F17E54C6AD7A1447DD0EC348CDD24CB3CFC1FBC63F3FD3F0F3661A7EB301390640D0B1AC7AF18E32DE57F478600668577D9A6996632AEF576AF6E97935DF6C408E016000165A2F1ECF10859A73EB5E25D3F032405BEAD3CCA64D5F6898639ABD437B6060E0DAF40C3906806158539520AC40058F34D3EC7B09649A21C70030152BAE12441928D230CD787F2F814833E418000663C55582280375EAD38CF72702BF76E60C390680C158719520CA40A9D63F3D8FF72B01301E2BAE124419A8D66E9A21C70030152BAE12441974415BDF6C408E01602A565C258832E88E16BFD9801C03C060ACB84A1065D0358B7EB301390680D958719520CAA09B3CBED9801C03C078ACB84A1065D0650DBFD9801C03C006ACB84A1065D07DD569861C03C01EACB84A1065A04525CD9C9B9A22C700B0072BAE124419E822124C341A25C700B0072BAE12441968944EA775EF0200740F2BAE12441968C4F00360154A9E12AC25D088E107C02A943C25584BA011C30F805528794AB0964023861F00AB50F294602D81460C3F0056A1E429C15A028D187E00AC42C95382B5041A31FC00588592A7046B093462F801B00A254F09D61268C4F00360154A9E12AC25D088E107C02A943C25584BE017399642751A5ECCE33400188932A704EB077CD4309AD48FB1867F622802301E654E09D60FA853FF904CFD051A9E06002351E69460FD80EFEA9F606A38CC5ABC180018831AA7048B07FC22B348FDF347F52FA3A939DF652802B000654E09D60FF8484699165FF94B94016015CA9C12AC1FF0D1A28FCAD49FEFF1EA6000300C654E09D60FF8A8834765883200EC41995382F5033EEAE05199FA3301C054943925583FE0A3865166D1D7CAF0F6250096A0CC29C1FA011FB5329CAAE30EC30F805528794AB096C02F1E2F94910FBAD43CA3E4FD921A00300C354E09160F68C4F00360154A9E12AC25D088E107C02A943C25584BA011C30F805528794AB0964023861F00AB50F294602D81460C3F0056A1E429C15A028D187E00AC42C95382B5041A31FC00588592A7046B093462F801B00A254F09D6127459269311A32E1C0EC7E37171221289889FCB972FCFE572BA770D00D462C5558228832EDBB76F5FFD87FCAE5FBF3E9BCDEADE3500508B155709A20CBACC719C65CB9655E798D5AB5747229162B1A87BD700402D565C258832E8BE6DDBB62D59B24446992D5BB60C0D0DE9DE2900508E155709A20CB458B1624525C76CDCB8311A8D3A8EA37B8F004039565C258832D0E2D0A1434B972E15C32F994CF22A19009660C5558228035D366CD8508932BA770400BA84155709A20C7429140A62F8F11E6C00F660C5558228038D187E00AC42C95382B5C4428EE3643299C1C1C14422118D46EB3FE5C512E2D8C53D904AA5464646782B38802E60C555224494B1CCE8E8A858C2458ED9B367CF818307CF4D4DCD954A763671ECE21ED8BB77EFA64D9BC47D22028DEECE016038565C258832F628168BE9747A6060E0FC85F373A5395A75BB74F9920834E2CE29140ABA3B0A80B158719520CA5842E498783CFEDCEE6FCF956669CDDAFE17F6AF59B3269FCFEBEE2E006662C55582286389743A5DCE313769DEEDC0C197D6ADFB7DDDDD05C04CACB84A10656C303A3A3A30F06069DEA1B5D2BEF2D5BFDAB1E36BBA3B0D808158719520CA18CF719C68347AE162BE347F83D64A9B9EF9B0BF7F351F7803C077ACB84A10658C373232924EA74BF3D7655B9FFCE316DFAE5C7D2DABDA8E1D7FC7375C02F01D2BAE124419E3A552A9BDCFFFE7CF72CC83033F75DD776EB96F95DCD767DD53B3EEF1E9F9E1E75FFEFEC5ABAFCCB9FFEBB8AF38EEE1EBEE4B37DD6F1C3EFDE8E6C7B4A70A2DEDC4C4783C1ED7DD75004CC38AAB0451C678B158ECCC9993A5F9994A133D3EEDBA330BEED579F78339F7BAEBFEE55F3F19FAC4CFAD7D3075B1E49E9F75CFDF74F38E7B6EDEFDEE8F4E951F9899B1B04DCF5C0987C3BABB0E806958719520CA18AFAFAFEFF2958BA5F9E94A133D7EFD963B7BEBF69FE6176EFFFCDE8BFFFD2BBFF9DB7FF3D4D7E75DF7DABC7BB5E47E50728BAEFBD2B157CB5166DACEC6D400E03BCA8A12D46BE395E3C835D9C4AF33F3EE951BEEDCAD8F2E502C16FFE9996F7DED1F9F39FFEEED4F872B2DB873E58873F4C4A99AEB5AD5981A007C475951827A6DBC721CF93FD96E47995BEEA5EBEE7BD36EC975E7666763AB568542F78642E187FF6C53F5158F4F9CACB9AE558DA901C077941525A8D7C62BC791ABB2559E60BA72C37DF79AFBFE4DF7F8991FAF58B1E2DE25F77DF2814F0D7EFE8E2873ECC444CD75AD6A4C0D00BEA3AC2841BD365E398E146513BFDE58703F706E3F2A73E9A67BF058EE77FA3FF3A95FFCA507FA7EFE5BFFF6DD9BAE3B3DEB5E9FBD7DC5C3E3C76AAE6B55636A00F01D654509EAB5F14417CFCF7F285BA5C7459AB95A723F9C73DFBD563A7A3ADFFFBB9F5DFF877FF4FEACFB9EE3BEEFB857665D11660EBF72ACE6BA5635A60600DF515694A05E1BAF268E24D6AF7BF58DB78E9FCE8D4FE68E4CE48E9C3C7BF4D5A91FBCF2FA8F4EBF7D68E2ECFF4CBC79E4E49BE3A7CE9E7EEB27CFFECBEE47363EA23D521065001883B2A204F5DA78E528F34175FBD2971E6BE5A37EFFF4E1876BAE6855636A00F01D654509EAB5F1CA51E60AADDDC6D400E03BCA8A12D46BE3DD8E32B72ED3DA6D4C0D00BEA3AC2841BD365E39CA5CA2B5DB981A007C475951827A6DBC7294799FD66E636A00F01D654509EAB5F1CA51E63D5ABB8DA901C077941525A8D7C62B479902ADDDC6D400E03BCA8A12D46BE311658832007A04654509EAB5F1CA51E6A75D6BF537D7FA0E785CB2FA4FDD3922A60600DF515694A05E1B4F74F1AD5BEFFADB6A3E4CAFE64F1E97ACB9FCA21FD3E7B159DF0FAAFE1875771D00D3505694A05E1BAFBCEA5FF4B7556FB366FBF57F6AF1C2ADDC4A93B8E3F3D1C95BD4DD75004C435951827A6DBCF2627FC1DF56D966CDCF3BE345EDE51B9EDF70B3CDAE2BFFAAE2881ADEAEEEAE03601ACA8A12D46BE39517FEF3FEB6CA36AB7FD6FCA9FAD7EA736A7E95E73479B8A5C1666BB6E6FBA1556F5C77D701300D654509EAB5F1CAEBFD4FFC6D956D56FF94E7CB5F6B4ED75CBDE19F3C4ECBDBBA33EBF87C5C353BA9BBEB009886B2A204F5DA78BAA24CFDE59B6DAAF9A332B597A9DFA0BA40C3D400E03BCA8A12D46BE39517FB77FC6D956D56FFACFFB572BA4946A9DD94C7E9869BADBFBC8A63D4DD75004C435951827A6DBCDBEBFD42DEDF56D966FDCFEA133517F6F8B569E269748B1E37E4FB31EAEE3A00A6A1AC2841BD365E79C97F5B45935BAEBE89FA9BAB39C7E3578FEDD4FFAAEEB8E44DE8EE3A00A6A1AC2841BD365E79C9FFB1EFADB2D9FA8DD79CB3E8053AF8933CADE8D0E4C675771D00D3505694A05E1BAFBCDE4FF9DBAAB75973BAD99FEAFFEABDD9867FAADF828AA3935BD6DD75004C435951827A6DBCF2627F8ED66E636A00F01D654509EAB5F1CA51E62D5ABB8DA901C077941525A8D7C623CA106500F408CA8A12D46BE3892E5E58384B6BB7313500F88EB2A204F5DA78E528F326ADDDC6D400E03BCA8A12D46BE395A34C8ED66E636A00F01D654509EAB5F1CA51E60D5ABB8DA901C077941525A8D7C60B87C3376E9C5C58789DD656636A00F01D654509EAB5F1A2D1E8DB6F7F7F61E10CADADC6D400E03BCA8A12D46BE32593C9FF1ADDB5E0BE466BBDBD91FB5E2C16D3DD75004CC38AAB0451C6783B77EE1C1AFAA2F67010ACF69D91A7D2E9B4EEAE03601A565C258832C6CBE7F3B1D8A76F38C717DCD3B4165B2AB5219BCDEAEE3A00A661C55582286383EDB76D5E705FA5B5D2FE23F30F838349DD9D06C040ACB84A10656CE0384E22F1D9F1F17F77DD5334EF56281C8CC53E5D2C1ED6DD69000CC48AAB0451C612B95C2E1E5F95CB655D7792D6AC891C2332DFD8D8B77577170033B1E22A4194B1C7F8F8B848333B77FE85EB9EA4D5B76CF6E9582C3A36F6AFBA3B0A80B158719520CA58C5719CA1A17422F1999191BF2D145E72DD095AB1F8C34CE6EF07070752A98438ADBB8B00988C155709A28C85C6C6C6D2E93F89447E218450A8AFEFFEC1C107459AD1DD2D00CCC78AAB448828037DF8EC16005661C5558228038D187E00AC42C95382B5041A31FC00588592A7046B093462F801B00A254F09D61268C4F00360154A9E12AC25D088E107C02A943C25584BA011C30F805528794AB0964023861F00AB50F294602D81460C3F0056A1E429C15A028D187E00AC42C95382B5041A31FC00588592A7046B093462F801B00A254F09D61268C4F00360154A9E12AC25D088E107C02A943C25584BA011C30F805528794AB0964023861F00AB50F294602D81460C3F0056A1E429C15A028D187E00AC42C95382B5041A31FC00588592A7046B093462F801B00A254F09D61268C4F00360154A9E12AC25D088E107C02A943C25584BA011C30F805528794AB0964023861F00AB50F294602D81460C3F0056A1E429C15A028D187E00AC42C95382B5041A31FC00588592A7046B09BA2C93C98851170E87E3F1B838118944C4CFE5CB97E77239DDBB06006AB1E22A41944197EDDBB72F5467FDFAF5D96C56F7AE01805AACB84A1065D0658EE32C5BB6AC3AC7AC5EBD3A1289148B45DDBB06006AB1E22A419441F76DDBB66DC9922532CA6CD9B265686848F74E018072ACB84A1065A0C58A152B2A3966E3C68DD168D4711CDD7B0400CAB1E22A41948116870E1D5ABA74A9187EC9649257C900B0042BAE124419E8B261C3864A94D1BD2300D025ACB84A1065A04BA15010C38FF76003B0072BAE12441968C4F00360154A9E12AC25D0A5582CA6D369DE830DC01EACB84A1065A0854830EBD6AD7B6EF7EE4422419A016009565C258832E8BE4A8E397E6262AE342F7E9266005882155709A20CBAAC3AC7541A690680255871950887C37C3A19BAA63EC7906600D88328A344341ACDE7F3BAF702566896634833002C419451221E8F4F4E4EEADE0B98CF3BC7906600D88028A3845839C6C6C674EF050CD74A8E21CD00301E514689743A3D3232A27B2F60B2D6730C690680D988324A881C23D28CEEBD80B1DACD31A419000623CA2891CBE562B198EEBD80993ACB31A41900A622CAA8C22B7FA1427D8ED9FFC28BAB56C5CE4D4D35CC2E972E5FE9EFEF7F6EF76ED20C0053116554191E1EDEBA75ABEEBD80511AE69870381C0A8556AE8CD6A7994A8E0995916600988A28A38AE338D168B45028E8DE1118C223C754D4A499EA1C439A016030A28C4263636362B5D0BD1730417D8EB9363D13894442779269A63EC70822F79CBF70913403C0304419B5B66FDFCED34CB84B1EDF4BD0D7D7579F66264E9E6C9863F6BFF022AF0206601EA28C72434343C96492D5029D59F47B09EAD3CC7DF7DDD74A8E21CD00300351A61B464747A3D1E8F6EDDB79E90CDAD2E2F712D4A79916730C6906800188325D22D609116544A0492693E2045F6B8045B5F5BD04CDD2CCA23986340320E888325DE538CEE8E8A8883262D9F0F8371A10448E3970F0E5163FFBEE07633FBCF7DE7B6BB670CF3DF7ECDEFD9D16B7206E8B57A9030822A20CD0A3262727459AB974F9CAA229A4E1FB952A1A7EDE4CC32D881CC3873A020822A20CD0BB5A49331E39A6C534438E0110684419A0A779A7998639E69E7BEE693DCD906300041D5106E875CDD24CB3CFC1FBC63F3FD3F0F3661A7EB301390640D011658000A84F33CD724CE5FD4ACD3E3DAFE69B0DC831000C40940182A13ECD6CDAF4858639A6D93BB4070606AE4DCF906300188628030486479A69F6BD0432CD906300988A28030449C334E3FDBD0422CD906300188C2803044C7D9AF1FE44E0D7CE9C21C70030185106089ED63F3D8FF72B01301E510608A476D30C390680A988324050B5F5CD06E41800A622CA0001D6E2371B906300188C280304DBA2DF6C408E016036A20C10781EDF6C408E01603CA20C608286DF6C408E016003A20C6088EA34438E01600FA20C608E4A9A393735458E01600FA20C60149160A2D1283906803D88328069D2E9B4EE5D0080EE21CA00A6098598D7002C42C9034C43940160154A1E601AA20C00AB50F200D31065005885920798862803C02A943CC03444190056A1E401A621CA00B00A250F300D5106805528798069883200AC42C9034C43940160154A1EA09CCC16A13A0D2FD6ECEACDFED4703B0DFFB4E81E0240E050BF806EA8CE0AD5C9C6E362DE677A6CAA9528531FAA9A052C00E871D42C4083B61283C7833A0D2348FDE98697F1F58000401BCA19D03D2D3E04D2FA23251E57773D1F9809357F4E0A008285CA052857932D9A9DF04836359BF2D8A05BF7908FC7363DF607008282B20574838C0EDE0FB7348B26CD2ED04A246A785B1EFB439A01102CD42CA01B5A7C14C423B5343CB3E11343AD3F2AE3710100080A4A18D00DED3E2AE3368F32D557F42BCAF0900C80E0A26C01DDD0C1A332DE67D6FFB5E639A6EA0BD42795868FEE2C7A5B00D083285B4037344C0CDE8FCAB85529A47E6BF58FCA78449966FBD36CC7002040285B4037B412111A3E5B547381868FACB877C697D6A34CB32D00408050B900E5AA1F8369C86D942A1A3E3154B3CD86E72C1A653C1EC521D000081C6A16601AB20800AB50F200D31065005885920798862803C02A943CC03444190056A1E401A621CA00B00A250F300D5106805528798069883200AC42C9034C43940160154A1E60824C2623124C381C8EC7E3E2442412113F972F5F9ECBE574EF1A00A84594014CB06FDFBEFA0F085EBF7E7D369BD5BD6B00A01651063081E338CB962DABCE31AB57AF8E4422C56251F7AE01805A4419C010DBB66D5BB264898C325BB66C191A1AD2BD5300A01C510630C78A152B2A3966E3C68DD168D4711CDD7B0400CA116500731C3A7468E9D2A522CA2493495E2503C0124419C0281B366CA84419DD3B02005D4294018C5228144494E13DD800EC4194014CC347E401B00A250F083CC771B2D9ECF6EDDB53A954E263C964529C33323252281474EF200028449401024C2418115FEA3F1CAF463C1EDFB56B176F68026024A20C10486363636BD7AE5D34C4548B46A3BCAD098079883240C0388E934EA7EB1F77F9CA57BEBA77EFF3070EBE2CDB134F3C3930305073C9542AC547000330095106089242A150F360CCE38F7FF9DCD4D45C69BE59BB74F9CA379F7DB6F20593F2E199C9C949DD870200FE20CA008191CFE7450A918924994C7A87989A40F3C4134FCAEB86C3E1F1F171DD0704003E20CA00C1E0384EF5E3314FEDD8D16288A96E7BF6FC3F1162E46333BCB9098001883240300C0E0ECA1CB377EFF31DE4984A3B7E62A2AFAFAFB29D4422A1FBB000E06E11658000C866B377F9784C75DBFFC28B726BC3C3C3BA0F0E00EE0A51060880783C2E5F1F739739A6D2E4EB662291089F370320D0883240AFCB6432F2B5BAE72F5CF425CA5C9B9E91EF69DABA75ABEE430480CE1165805E974824E4FBAE7DC93195F6DCEEDD95CDF6F5F5E93E4400E81C5106E869C56251BEAEC5AF8764645BB9F2A3B7768F8D8DE93E5000E8105106E869232323F2DD46FEE618D11E7DF4B1CAC6878686741F280074882803F4B4CD9B37FBF5C6A5FA76E0E0CB958DAF5DBB56F7810240878832404F4B269395B4B1FF85177D8F32E7A6A6E4C7E5E93E5000E8105106E869F26DD8C74F4CF81E6544932FC4D17DA000D021EA17D0D3E45BA65BFFBAA5B69ADCBEEE0305800E51BF809E168BC52A51E3B53367544419F9954CBA0F14003A44FD027A9AFC509903075FF63DC75CBA7C858F960110744419A0A7A5D3E94ADAF8E6B3CFFA1E655E3B73A6B2F1783CAEFB4001A0434419A0A7EDDCB9B39236366DFA82EF51E6A91D3B2A1B1F1C1CD47DA000D021A20CD0D372B99C7C0EE8DAF48CBF5166DDBA75958D8F8C8CE83E5000E8105106E875D1E8475F2FB077EFF33EE618F9A13242B158D47D9400D021A20CD0EB8686862A81A3BFBFDFC707663EF7D04395CDA65229DD8708009D23CA00BDAE582CCA4F7FF1EBEB0B0E1F392A1F92999C9CD47D8800D039A20C1000C3C3C395D8110E87EFFE5DD9E7A6A66436DABC79B3EE830380BB4294018261EDDAB595F02152C8DD7CF2EFB5E999FEFE7EB9A942A1A0FBC800E0AE10658060C8E7F37D7D7D328274F6954CE72F5C9439261C0E8F8D8DE93E2C00B85B4419203044F2902F701141A4DD0FCD3B7CE4A87C5E49181E1ED67D4000E003A20C1024D96C563E3653794FD3FE175E6CE5C19847366E0C5521C7003006510608985C2E27BF6352069A279E78B2FEFB264582F9E6B3CF0E0C0C545F5824219E57026012A20C103CC56271FBF6EDF24BAD6BAC59B3A6D99F060707799D2F00C3106580A012A1447ED9E4A21289C4F8F8B8EE5D0600FF11658060731C2793C9884C138FC76BE24B341A4DA552BB76EDE29118000623CA0000800023CA0000800023CA0000800023CA0000800023CA00008000FBFFF54926A6688A84670000000049454E44AE426082, '0');
INSERT INTO `act_ge_bytearray` VALUES ('206', '4', 'var-expa', null, 0xACED00057372001B636F6D2E6266772E6265616E2E457870656E73654163636F756E7426D7CE7F781F0B010200104C000B657870656E7365446573637400124C6A6176612F6C616E672F537472696E673B4C0009657870656E736549647400134C6A6176612F6C616E672F496E74656765723B4C000B657870656E73654E616D6571007E00014C000C657870656E7365537461746571007E00014C000B657870656E736554696D657400104C6A6176612F7574696C2F446174653B4C000C657870656E7365546F74616C7400124C6A6176612F6C616E672F446F75626C653B4C000B66696E616E63654465736371007E00014C000966696E616E6365496471007E00024C000B66696E616E63654D61726B71007E00024C000B66696E616E63654E616D6571007E00014C000B6D616E616765724465736371007E00014C00096D616E61676572496471007E00024C000B6D616E616765724D61726B71007E00024C000B6D616E616765724E616D6571007E00014C000675736572496471007E00024C0008757365724E616D6571007E0001787074000FE7ACACE4B889E696B9E8BAABE4BBBD7074000CE4B88AE6B5B7E587BAE5B7AE7070737200106A6176612E6C616E672E446F75626C6580B3C24A296BFB0402000144000576616C7565787200106A6176612E6C616E672E4E756D62657286AC951D0B94E08B02000078704095E0000000000070707070740009E69292E697A6E69292737200116A6176612E6C616E672E496E746567657212E2A0A4F781873802000149000576616C75657871007E00090000000171007E000D740009E5BCA0E5B08FE4B8897371007E000C00000001740009E5BCA0E5B08FE4B889, null);
INSERT INTO `act_ge_bytearray` VALUES ('208', '4', 'hist.var-expa', null, 0xACED00057372001B636F6D2E6266772E6265616E2E457870656E73654163636F756E7426D7CE7F781F0B010200104C000B657870656E7365446573637400124C6A6176612F6C616E672F537472696E673B4C0009657870656E736549647400134C6A6176612F6C616E672F496E74656765723B4C000B657870656E73654E616D6571007E00014C000C657870656E7365537461746571007E00014C000B657870656E736554696D657400104C6A6176612F7574696C2F446174653B4C000C657870656E7365546F74616C7400124C6A6176612F6C616E672F446F75626C653B4C000B66696E616E63654465736371007E00014C000966696E616E6365496471007E00024C000B66696E616E63654D61726B71007E00024C000B66696E616E63654E616D6571007E00014C000B6D616E616765724465736371007E00014C00096D616E61676572496471007E00024C000B6D616E616765724D61726B71007E00024C000B6D616E616765724E616D6571007E00014C000675736572496471007E00024C0008757365724E616D6571007E0001787074000FE7ACACE4B889E696B9E8BAABE4BBBD7074000CE4B88AE6B5B7E587BAE5B7AE7070737200106A6176612E6C616E672E446F75626C6580B3C24A296BFB0402000144000576616C7565787200106A6176612E6C616E672E4E756D62657286AC951D0B94E08B02000078704095E0000000000070707070740009E69292E697A6E69292737200116A6176612E6C616E672E496E746567657212E2A0A4F781873802000149000576616C75657871007E00090000000171007E000D740009E5BCA0E5B08FE4B8897371007E000C00000001740009E5BCA0E5B08FE4B889, null);
INSERT INTO `act_ge_bytearray` VALUES ('3', '1', 'ExpenseProcess/ExpenseProcess.bpmn', '1', 0x3C3F786D6C2076657273696F6E3D22312E302220656E636F64696E673D225554462D38223F3E0A3C646566696E6974696F6E7320786D6C6E733D22687474703A2F2F7777772E6F6D672E6F72672F737065632F42504D4E2F32303130303532342F4D4F44454C2220786D6C6E733A7873693D22687474703A2F2F7777772E77332E6F72672F323030312F584D4C536368656D612D696E7374616E63652220786D6C6E733A7873643D22687474703A2F2F7777772E77332E6F72672F323030312F584D4C536368656D612220786D6C6E733A61637469766974693D22687474703A2F2F61637469766974692E6F72672F62706D6E2220786D6C6E733A62706D6E64693D22687474703A2F2F7777772E6F6D672E6F72672F737065632F42504D4E2F32303130303532342F44492220786D6C6E733A6F6D6764633D22687474703A2F2F7777772E6F6D672E6F72672F737065632F44442F32303130303532342F44432220786D6C6E733A6F6D6764693D22687474703A2F2F7777772E6F6D672E6F72672F737065632F44442F32303130303532342F44492220747970654C616E67756167653D22687474703A2F2F7777772E77332E6F72672F323030312F584D4C536368656D61222065787072657373696F6E4C616E67756167653D22687474703A2F2F7777772E77332E6F72672F313939392F585061746822207461726765744E616D6573706163653D22687474703A2F2F7777772E61637469766974692E6F72672F74657374223E0A20203C70726F636573732069643D22457870656E736550726F6365737322206E616D653D22457870656E736550726F636573732220697345786563757461626C653D2274727565223E0A202020203C73746172744576656E742069643D2273746172746576656E743122206E616D653D225374617274223E3C2F73746172744576656E743E0A202020203C757365725461736B2069643D22757365727461736B3122206E616D653D22E68AA5E99480E58D95222061637469766974693A61737369676E65653D2275736572223E3C2F757365725461736B3E0A202020203C757365725461736B2069643D22757365727461736B3222206E616D653D22E7BB8FE79086E5AEA1E6A0B8222061637469766974693A61737369676E65653D226D616E61676572223E3C2F757365725461736B3E0A202020203C73657175656E6365466C6F772069643D22666C6F77312220736F757263655265663D2273746172746576656E743122207461726765745265663D22757365727461736B31223E3C2F73657175656E6365466C6F773E0A202020203C73657175656E6365466C6F772069643D22666C6F77322220736F757263655265663D22757365727461736B3122207461726765745265663D22757365727461736B32223E3C2F73657175656E6365466C6F773E0A202020203C6578636C7573697665476174657761792069643D226578636C7573697665676174657761793122206E616D653D224578636C75736976652047617465776179223E3C2F6578636C7573697665476174657761793E0A202020203C73657175656E6365466C6F772069643D22666C6F77332220736F757263655265663D22757365727461736B3222207461726765745265663D226578636C75736976656761746577617931223E3C2F73657175656E6365466C6F773E0A202020203C73657175656E6365466C6F772069643D22666C6F773422206E616D653D22E4B88DE9809AE8BF872220736F757263655265663D226578636C7573697665676174657761793122207461726765745265663D22757365727461736B31223E0A2020202020203C636F6E646974696F6E45787072657373696F6E207873693A747970653D2274466F726D616C45787072657373696F6E223E3C215B43444154415B247B6D616E616765724D61726B3D3D307D5D5D3E3C2F636F6E646974696F6E45787072657373696F6E3E0A202020203C2F73657175656E6365466C6F773E0A202020203C757365725461736B2069643D22757365727461736B3322206E616D653D22E8B4A2E58AA1E5AEA1E6A0B8222061637469766974693A61737369676E65653D2266696E616E6365223E3C2F757365725461736B3E0A202020203C73657175656E6365466C6F772069643D22666C6F773522206E616D653D22E9809AE8BF872220736F757263655265663D226578636C7573697665676174657761793122207461726765745265663D22757365727461736B33223E0A2020202020203C636F6E646974696F6E45787072657373696F6E207873693A747970653D2274466F726D616C45787072657373696F6E223E3C215B43444154415B247B6D616E616765724D61726B3D3D317D5D5D3E3C2F636F6E646974696F6E45787072657373696F6E3E0A202020203C2F73657175656E6365466C6F773E0A202020203C6578636C7573697665476174657761792069643D226578636C7573697665676174657761793222206E616D653D224578636C75736976652047617465776179223E3C2F6578636C7573697665476174657761793E0A202020203C656E644576656E742069643D22656E646576656E743122206E616D653D22456E64223E3C2F656E644576656E743E0A202020203C73657175656E6365466C6F772069643D22666C6F77362220736F757263655265663D22757365727461736B3322207461726765745265663D226578636C75736976656761746577617932223E3C2F73657175656E6365466C6F773E0A202020203C73657175656E6365466C6F772069643D22666C6F773722206E616D653D22E9809AE8BF87E68896E4BD9CE5BA9F2220736F757263655265663D226578636C7573697665676174657761793222207461726765745265663D22656E646576656E7431223E0A2020202020203C636F6E646974696F6E45787072657373696F6E207873693A747970653D2274466F726D616C45787072657373696F6E223E3C215B43444154415B247B66696E616E63654D61726B3D3D31207C7C2066696E616E63654D61726B3D3D327D5D5D3E3C2F636F6E646974696F6E45787072657373696F6E3E0A202020203C2F73657175656E6365466C6F773E0A202020203C73657175656E6365466C6F772069643D22666C6F773822206E616D653D22E4B88DE9809AE8BF872220736F757263655265663D226578636C7573697665676174657761793222207461726765745265663D22757365727461736B31223E0A2020202020203C636F6E646974696F6E45787072657373696F6E207873693A747970653D2274466F726D616C45787072657373696F6E223E3C215B43444154415B247B66696E616E63654D61726B3D3D307D5D5D3E3C2F636F6E646974696F6E45787072657373696F6E3E0A202020203C2F73657175656E6365466C6F773E0A20203C2F70726F636573733E0A20203C62706D6E64693A42504D4E4469616772616D2069643D2242504D4E4469616772616D5F457870656E736550726F63657373223E0A202020203C62706D6E64693A42504D4E506C616E652062706D6E456C656D656E743D22457870656E736550726F63657373222069643D2242504D4E506C616E655F457870656E736550726F63657373223E0A2020202020203C62706D6E64693A42504D4E53686170652062706D6E456C656D656E743D2273746172746576656E7431222069643D2242504D4E53686170655F73746172746576656E7431223E0A20202020202020203C6F6D6764633A426F756E6473206865696768743D2233352E30222077696474683D2233352E302220783D223331302E302220793D2232302E30223E3C2F6F6D6764633A426F756E64733E0A2020202020203C2F62706D6E64693A42504D4E53686170653E0A2020202020203C62706D6E64693A42504D4E53686170652062706D6E456C656D656E743D22757365727461736B31222069643D2242504D4E53686170655F757365727461736B31223E0A20202020202020203C6F6D6764633A426F756E6473206865696768743D2235352E30222077696474683D223130352E302220783D223237352E302220793D2239302E30223E3C2F6F6D6764633A426F756E64733E0A2020202020203C2F62706D6E64693A42504D4E53686170653E0A2020202020203C62706D6E64693A42504D4E53686170652062706D6E456C656D656E743D22757365727461736B32222069643D2242504D4E53686170655F757365727461736B32223E0A20202020202020203C6F6D6764633A426F756E6473206865696768743D2235352E30222077696474683D223130352E302220783D223237352E302220793D223139302E30223E3C2F6F6D6764633A426F756E64733E0A2020202020203C2F62706D6E64693A42504D4E53686170653E0A2020202020203C62706D6E64693A42504D4E53686170652062706D6E456C656D656E743D226578636C75736976656761746577617931222069643D2242504D4E53686170655F6578636C75736976656761746577617931223E0A20202020202020203C6F6D6764633A426F756E6473206865696768743D2234302E30222077696474683D2234302E302220783D223330372E302220793D223238302E30223E3C2F6F6D6764633A426F756E64733E0A2020202020203C2F62706D6E64693A42504D4E53686170653E0A2020202020203C62706D6E64693A42504D4E53686170652062706D6E456C656D656E743D22757365727461736B33222069643D2242504D4E53686170655F757365727461736B33223E0A20202020202020203C6F6D6764633A426F756E6473206865696768743D2235352E30222077696474683D223130352E302220783D223237352E302220793D223336302E30223E3C2F6F6D6764633A426F756E64733E0A2020202020203C2F62706D6E64693A42504D4E53686170653E0A2020202020203C62706D6E64693A42504D4E53686170652062706D6E456C656D656E743D226578636C75736976656761746577617932222069643D2242504D4E53686170655F6578636C75736976656761746577617932223E0A20202020202020203C6F6D6764633A426F756E6473206865696768743D2234302E30222077696474683D2234302E302220783D223330372E302220793D223435302E30223E3C2F6F6D6764633A426F756E64733E0A2020202020203C2F62706D6E64693A42504D4E53686170653E0A2020202020203C62706D6E64693A42504D4E53686170652062706D6E456C656D656E743D22656E646576656E7431222069643D2242504D4E53686170655F656E646576656E7431223E0A20202020202020203C6F6D6764633A426F756E6473206865696768743D2233352E30222077696474683D2233352E302220783D223331302E302220793D223533302E30223E3C2F6F6D6764633A426F756E64733E0A2020202020203C2F62706D6E64693A42504D4E53686170653E0A2020202020203C62706D6E64693A42504D4E456467652062706D6E456C656D656E743D22666C6F7731222069643D2242504D4E456467655F666C6F7731223E0A20202020202020203C6F6D6764693A776179706F696E7420783D223332372E302220793D2235352E30223E3C2F6F6D6764693A776179706F696E743E0A20202020202020203C6F6D6764693A776179706F696E7420783D223332372E302220793D2239302E30223E3C2F6F6D6764693A776179706F696E743E0A2020202020203C2F62706D6E64693A42504D4E456467653E0A2020202020203C62706D6E64693A42504D4E456467652062706D6E456C656D656E743D22666C6F7732222069643D2242504D4E456467655F666C6F7732223E0A20202020202020203C6F6D6764693A776179706F696E7420783D223332372E302220793D223134352E30223E3C2F6F6D6764693A776179706F696E743E0A20202020202020203C6F6D6764693A776179706F696E7420783D223332372E302220793D223139302E30223E3C2F6F6D6764693A776179706F696E743E0A2020202020203C2F62706D6E64693A42504D4E456467653E0A2020202020203C62706D6E64693A42504D4E456467652062706D6E456C656D656E743D22666C6F7733222069643D2242504D4E456467655F666C6F7733223E0A20202020202020203C6F6D6764693A776179706F696E7420783D223332372E302220793D223234352E30223E3C2F6F6D6764693A776179706F696E743E0A20202020202020203C6F6D6764693A776179706F696E7420783D223332372E302220793D223238302E30223E3C2F6F6D6764693A776179706F696E743E0A2020202020203C2F62706D6E64693A42504D4E456467653E0A2020202020203C62706D6E64693A42504D4E456467652062706D6E456C656D656E743D22666C6F7734222069643D2242504D4E456467655F666C6F7734223E0A20202020202020203C6F6D6764693A776179706F696E7420783D223334372E302220793D223330302E30223E3C2F6F6D6764693A776179706F696E743E0A20202020202020203C6F6D6764693A776179706F696E7420783D223438392E302220793D223239392E30223E3C2F6F6D6764693A776179706F696E743E0A20202020202020203C6F6D6764693A776179706F696E7420783D223438392E302220793D223231392E30223E3C2F6F6D6764693A776179706F696E743E0A20202020202020203C6F6D6764693A776179706F696E7420783D223438392E302220793D223131372E30223E3C2F6F6D6764693A776179706F696E743E0A20202020202020203C6F6D6764693A776179706F696E7420783D223338302E302220793D223131372E30223E3C2F6F6D6764693A776179706F696E743E0A20202020202020203C62706D6E64693A42504D4E4C6162656C3E0A202020202020202020203C6F6D6764633A426F756E6473206865696768743D2231342E30222077696474683D223130302E302220783D223436392E302220793D223230312E30223E3C2F6F6D6764633A426F756E64733E0A20202020202020203C2F62706D6E64693A42504D4E4C6162656C3E0A2020202020203C2F62706D6E64693A42504D4E456467653E0A2020202020203C62706D6E64693A42504D4E456467652062706D6E456C656D656E743D22666C6F7735222069643D2242504D4E456467655F666C6F7735223E0A20202020202020203C6F6D6764693A776179706F696E7420783D223332372E302220793D223332302E30223E3C2F6F6D6764693A776179706F696E743E0A20202020202020203C6F6D6764693A776179706F696E7420783D223332372E302220793D223336302E30223E3C2F6F6D6764693A776179706F696E743E0A20202020202020203C62706D6E64693A42504D4E4C6162656C3E0A202020202020202020203C6F6D6764633A426F756E6473206865696768743D2231342E30222077696474683D223130302E302220783D223331302E302220793D223332392E30223E3C2F6F6D6764633A426F756E64733E0A20202020202020203C2F62706D6E64693A42504D4E4C6162656C3E0A2020202020203C2F62706D6E64693A42504D4E456467653E0A2020202020203C62706D6E64693A42504D4E456467652062706D6E456C656D656E743D22666C6F7736222069643D2242504D4E456467655F666C6F7736223E0A20202020202020203C6F6D6764693A776179706F696E7420783D223332372E302220793D223431352E30223E3C2F6F6D6764693A776179706F696E743E0A20202020202020203C6F6D6764693A776179706F696E7420783D223332372E302220793D223435302E30223E3C2F6F6D6764693A776179706F696E743E0A2020202020203C2F62706D6E64693A42504D4E456467653E0A2020202020203C62706D6E64693A42504D4E456467652062706D6E456C656D656E743D22666C6F7737222069643D2242504D4E456467655F666C6F7737223E0A20202020202020203C6F6D6764693A776179706F696E7420783D223332372E302220793D223439302E30223E3C2F6F6D6764693A776179706F696E743E0A20202020202020203C6F6D6764693A776179706F696E7420783D223332372E302220793D223533302E30223E3C2F6F6D6764693A776179706F696E743E0A20202020202020203C62706D6E64693A42504D4E4C6162656C3E0A202020202020202020203C6F6D6764633A426F756E6473206865696768743D2231342E30222077696474683D223130302E302220783D223239302E302220793D223439392E30223E3C2F6F6D6764633A426F756E64733E0A20202020202020203C2F62706D6E64693A42504D4E4C6162656C3E0A2020202020203C2F62706D6E64693A42504D4E456467653E0A2020202020203C62706D6E64693A42504D4E456467652062706D6E456C656D656E743D22666C6F7738222069643D2242504D4E456467655F666C6F7738223E0A20202020202020203C6F6D6764693A776179706F696E7420783D223330372E302220793D223437302E30223E3C2F6F6D6764693A776179706F696E743E0A20202020202020203C6F6D6764693A776179706F696E7420783D223131342E302220793D223437302E30223E3C2F6F6D6764693A776179706F696E743E0A20202020202020203C6F6D6764693A776179706F696E7420783D223131342E302220793D223238392E30223E3C2F6F6D6764693A776179706F696E743E0A20202020202020203C6F6D6764693A776179706F696E7420783D223131342E302220793D223131382E30223E3C2F6F6D6764693A776179706F696E743E0A20202020202020203C6F6D6764693A776179706F696E7420783D223237352E302220793D223131372E30223E3C2F6F6D6764693A776179706F696E743E0A20202020202020203C62706D6E64693A42504D4E4C6162656C3E0A202020202020202020203C6F6D6764633A426F756E6473206865696768743D2231342E30222077696474683D223130302E302220783D2239312E302220793D223239342E30223E3C2F6F6D6764633A426F756E64733E0A20202020202020203C2F62706D6E64693A42504D4E4C6162656C3E0A2020202020203C2F62706D6E64693A42504D4E456467653E0A202020203C2F62706D6E64693A42504D4E506C616E653E0A20203C2F62706D6E64693A42504D4E4469616772616D3E0A3C2F646566696E6974696F6E733E, '0');
INSERT INTO `act_ge_bytearray` VALUES ('406', '1', 'var-expa', null, 0xACED00057372001B636F6D2E6266772E6265616E2E457870656E73654163636F756E7426D7CE7F781F0B010200104C000B657870656E7365446573637400124C6A6176612F6C616E672F537472696E673B4C0009657870656E736549647400134C6A6176612F6C616E672F496E74656765723B4C000B657870656E73654E616D6571007E00014C000C657870656E7365537461746571007E00014C000B657870656E736554696D657400104C6A6176612F7574696C2F446174653B4C000C657870656E7365546F74616C7400124C6A6176612F6C616E672F446F75626C653B4C000B66696E616E63654465736371007E00014C000966696E616E6365496471007E00024C000B66696E616E63654D61726B71007E00024C000B66696E616E63654E616D6571007E00014C000B6D616E616765724465736371007E00014C00096D616E61676572496471007E00024C000B6D616E616765724D61726B71007E00024C000B6D616E616765724E616D6571007E00014C000675736572496471007E00024C0008757365724E616D6571007E00017870740012E4BB8EE5A49AE890A8E6B395E68980E5BE977074000CE4B88AE6B5B7E587BAE5B7AE7070737200106A6176612E6C616E672E446F75626C6580B3C24A296BFB0402000144000576616C7565787200106A6176612E6C616E672E4E756D62657286AC951D0B94E08B0200007870405BC000000000007070707070707070737200116A6176612E6C616E672E496E746567657212E2A0A4F781873802000149000576616C75657871007E000900000002740009E5BCA0E5A4A7E4B889, null);
INSERT INTO `act_ge_bytearray` VALUES ('408', '1', 'hist.var-expa', null, 0xACED00057372001B636F6D2E6266772E6265616E2E457870656E73654163636F756E7426D7CE7F781F0B010200104C000B657870656E7365446573637400124C6A6176612F6C616E672F537472696E673B4C0009657870656E736549647400134C6A6176612F6C616E672F496E74656765723B4C000B657870656E73654E616D6571007E00014C000C657870656E7365537461746571007E00014C000B657870656E736554696D657400104C6A6176612F7574696C2F446174653B4C000C657870656E7365546F74616C7400124C6A6176612F6C616E672F446F75626C653B4C000B66696E616E63654465736371007E00014C000966696E616E6365496471007E00024C000B66696E616E63654D61726B71007E00024C000B66696E616E63654E616D6571007E00014C000B6D616E616765724465736371007E00014C00096D616E61676572496471007E00024C000B6D616E616765724D61726B71007E00024C000B6D616E616765724E616D6571007E00014C000675736572496471007E00024C0008757365724E616D6571007E00017870740012E4BB8EE5A49AE890A8E6B395E68980E5BE977074000CE4B88AE6B5B7E587BAE5B7AE7070737200106A6176612E6C616E672E446F75626C6580B3C24A296BFB0402000144000576616C7565787200106A6176612E6C616E672E4E756D62657286AC951D0B94E08B0200007870405BC000000000007070707070707070737200116A6176612E6C616E672E496E746567657212E2A0A4F781873802000149000576616C75657871007E000900000002740009E5BCA0E5A4A7E4B889, null);
INSERT INTO `act_ge_bytearray` VALUES ('419', '5', 'hist.var-expa', null, 0xACED00057372001B636F6D2E6266772E6265616E2E457870656E73654163636F756E7426D7CE7F781F0B010200104C000B657870656E7365446573637400124C6A6176612F6C616E672F537472696E673B4C0009657870656E736549647400134C6A6176612F6C616E672F496E74656765723B4C000B657870656E73654E616D6571007E00014C000C657870656E7365537461746571007E00014C000B657870656E736554696D657400104C6A6176612F7574696C2F446174653B4C000C657870656E7365546F74616C7400124C6A6176612F6C616E672F446F75626C653B4C000B66696E616E63654465736371007E00014C000966696E616E6365496471007E00024C000B66696E616E63654D61726B71007E00024C000B66696E616E63654E616D6571007E00014C000B6D616E616765724465736371007E00014C00096D616E61676572496471007E00024C000B6D616E616765724D61726B71007E00024C000B6D616E616765724E616D6571007E00014C000675736572496471007E00024C0008757365724E616D6571007E00017870740012E8BDA6E8B4B9E5928CE4BD8FE5AEBFE8B4B97074000CE9A699E6B8AFE587BAE5B7AE7070737200106A6176612E6C616E672E446F75626C6580B3C24A296BFB0402000144000576616C7565787200106A6176612E6C616E672E4E756D62657286AC951D0B94E08B020000787040A7700000000000740009E9A9B1E89A8AE599A8737200116A6176612E6C616E672E496E746567657212E2A0A4F781873802000149000576616C75657871007E00090000000D7371007E000C00000002740009E58D8EE5A4AAE5B888740009E5A4A7E88B8FE689937371007E000C0000000C7371007E000C00000001740009E58D8EE5A4ABE4BABA7371007E000C0000000B740006E58D8EE5AE89, null);
INSERT INTO `act_ge_bytearray` VALUES ('443', '3', 'hist.var-expa', null, 0xACED00057372001B636F6D2E6266772E6265616E2E457870656E73654163636F756E7426D7CE7F781F0B010200104C000B657870656E7365446573637400124C6A6176612F6C616E672F537472696E673B4C0009657870656E736549647400134C6A6176612F6C616E672F496E74656765723B4C000B657870656E73654E616D6571007E00014C000C657870656E7365537461746571007E00014C000B657870656E736554696D657400104C6A6176612F7574696C2F446174653B4C000C657870656E7365546F74616C7400124C6A6176612F6C616E672F446F75626C653B4C000B66696E616E63654465736371007E00014C000966696E616E6365496471007E00024C000B66696E616E63654D61726B71007E00024C000B66696E616E63654E616D6571007E00014C000B6D616E616765724465736371007E00014C00096D616E61676572496471007E00024C000B6D616E616765724D61726B71007E00024C000B6D616E616765724E616D6571007E00014C000675736572496471007E00024C0008757365724E616D6571007E00017870740015E7ACACE4B889E696B9E696AFE89282E88AACE6A3AE7074000DE58C97E4BAACE587BAE5B7AE317070737200106A6176612E6C616E672E446F75626C6580B3C24A296BFB0402000144000576616C7565787200106A6176612E6C616E672E4E756D62657286AC951D0B94E08B0200007870405BC000000000007400056173646164737200116A6176612E6C616E672E496E746567657212E2A0A4F781873802000149000576616C75657871007E00090000000D7371007E000C00000001740009E58D8EE5A4AAE5B88874000CE4BD9BE68CA1E69D80E4BD9B7371007E000C0000000C7371007E000C00000001740009E58D8EE5A4ABE4BABA7371007E000C0000000B740006E58D8EE5AE89, null);

-- ----------------------------
-- Table structure for act_ge_property
-- ----------------------------
DROP TABLE IF EXISTS `act_ge_property`;
CREATE TABLE `act_ge_property` (
  `NAME_` varchar(64) COLLATE utf8_bin NOT NULL DEFAULT '',
  `VALUE_` varchar(300) COLLATE utf8_bin DEFAULT NULL,
  `REV_` int(11) DEFAULT NULL,
  PRIMARY KEY (`NAME_`)
) ENGINE=InnoDB DEFAULT CHARSET=utf8 COLLATE=utf8_bin;

-- ----------------------------
-- Records of act_ge_property
-- ----------------------------
INSERT INTO `act_ge_property` VALUES ('next.dbid', '501', '6');
INSERT INTO `act_ge_property` VALUES ('schema.history', 'create(5.14)', '1');
INSERT INTO `act_ge_property` VALUES ('schema.version', '5.14', '1');

-- ----------------------------
-- Table structure for act_hi_actinst
-- ----------------------------
DROP TABLE IF EXISTS `act_hi_actinst`;
CREATE TABLE `act_hi_actinst` (
  `ID_` varchar(64) COLLATE utf8_bin NOT NULL,
  `PROC_DEF_ID_` varchar(64) COLLATE utf8_bin NOT NULL,
  `PROC_INST_ID_` varchar(64) COLLATE utf8_bin NOT NULL,
  `EXECUTION_ID_` varchar(64) COLLATE utf8_bin NOT NULL,
  `ACT_ID_` varchar(255) COLLATE utf8_bin NOT NULL,
  `TASK_ID_` varchar(64) COLLATE utf8_bin DEFAULT NULL,
  `CALL_PROC_INST_ID_` varchar(64) COLLATE utf8_bin DEFAULT NULL,
  `ACT_NAME_` varchar(255) COLLATE utf8_bin DEFAULT NULL,
  `ACT_TYPE_` varchar(255) COLLATE utf8_bin NOT NULL,
  `ASSIGNEE_` varchar(255) COLLATE utf8_bin DEFAULT NULL,
  `START_TIME_` datetime NOT NULL,
  `END_TIME_` datetime DEFAULT NULL,
  `DURATION_` bigint(20) DEFAULT NULL,
  PRIMARY KEY (`ID_`),
  KEY `ACT_IDX_HI_ACT_INST_START` (`START_TIME_`),
  KEY `ACT_IDX_HI_ACT_INST_END` (`END_TIME_`),
  KEY `ACT_IDX_HI_ACT_INST_PROCINST` (`PROC_INST_ID_`,`ACT_ID_`),
  KEY `ACT_IDX_HI_ACT_INST_EXEC` (`EXECUTION_ID_`,`ACT_ID_`)
) ENGINE=InnoDB DEFAULT CHARSET=utf8 COLLATE=utf8_bin;

-- ----------------------------
-- Records of act_hi_actinst
-- ----------------------------
INSERT INTO `act_hi_actinst` VALUES ('102', 'ExpenseProcess:1:4', '5', '5', 'exclusivegateway2', null, null, 'Exclusive Gateway', 'exclusiveGateway', null, '2016-01-28 10:24:03', '2016-01-28 10:24:03', '4');
INSERT INTO `act_hi_actinst` VALUES ('103', 'ExpenseProcess:1:4', '5', '5', 'usertask1', '104', null, '', 'userTask', 'user', '2016-01-28 10:24:03', '2016-01-28 10:28:17', '254790');
INSERT INTO `act_hi_actinst` VALUES ('105', 'ExpenseProcess:1:4', '5', '5', 'usertask2', '106', null, '', 'userTask', 'manager', '2016-01-28 10:28:17', '2016-01-28 10:28:26', '9535');
INSERT INTO `act_hi_actinst` VALUES ('107', 'ExpenseProcess:1:4', '5', '5', 'exclusivegateway1', null, null, 'Exclusive Gateway', 'exclusiveGateway', null, '2016-01-28 10:28:26', '2016-01-28 10:28:26', '0');
INSERT INTO `act_hi_actinst` VALUES ('108', 'ExpenseProcess:1:4', '5', '5', 'usertask3', '109', null, '', 'userTask', 'finance', '2016-01-28 10:28:26', '2016-01-28 10:28:50', '24488');
INSERT INTO `act_hi_actinst` VALUES ('110', 'ExpenseProcess:1:4', '5', '5', 'exclusivegateway2', null, null, 'Exclusive Gateway', 'exclusiveGateway', null, '2016-01-28 10:28:50', '2016-01-28 10:28:50', '1');
INSERT INTO `act_hi_actinst` VALUES ('111', 'ExpenseProcess:1:4', '5', '5', 'endevent1', null, null, 'End', 'endEvent', null, '2016-01-28 10:28:50', '2016-01-28 10:28:50', '0');
INSERT INTO `act_hi_actinst` VALUES ('13', 'ExpenseProcess:1:4', '5', '5', 'usertask2', '14', null, '', 'userTask', 'manager', '2016-01-26 17:40:03', '2016-01-26 17:40:13', '10365');
INSERT INTO `act_hi_actinst` VALUES ('17', 'ExpenseProcess:1:4', '5', '5', 'exclusivegateway1', null, null, 'Exclusive Gateway', 'exclusiveGateway', null, '2016-01-26 17:40:13', '2016-01-26 17:40:13', '3');
INSERT INTO `act_hi_actinst` VALUES ('18', 'ExpenseProcess:1:4', '5', '5', 'usertask1', '19', null, '', 'userTask', 'user', '2016-01-26 17:40:13', '2016-01-26 17:40:26', '13947');
INSERT INTO `act_hi_actinst` VALUES ('20', 'ExpenseProcess:1:4', '5', '5', 'usertask2', '21', null, '', 'userTask', 'manager', '2016-01-26 17:40:26', '2016-01-26 17:40:33', '7260');
INSERT INTO `act_hi_actinst` VALUES ('202', 'ExpenseProcess:1:4', '201', '201', 'startevent1', null, null, 'Start', 'startEvent', null, '2016-01-28 11:20:30', '2016-01-28 11:20:30', '8');
INSERT INTO `act_hi_actinst` VALUES ('203', 'ExpenseProcess:1:4', '201', '201', 'usertask1', '204', null, '', 'userTask', 'user', '2016-01-28 11:20:30', '2016-01-28 11:20:30', '591');
INSERT INTO `act_hi_actinst` VALUES ('209', 'ExpenseProcess:1:4', '201', '201', 'usertask2', '210', null, '', 'userTask', 'manager', '2016-01-28 11:20:30', '2016-01-28 11:20:43', '13915');
INSERT INTO `act_hi_actinst` VALUES ('213', 'ExpenseProcess:1:4', '201', '201', 'exclusivegateway1', null, null, 'Exclusive Gateway', 'exclusiveGateway', null, '2016-01-28 11:20:43', '2016-01-28 11:20:43', '1');
INSERT INTO `act_hi_actinst` VALUES ('214', 'ExpenseProcess:1:4', '201', '201', 'usertask1', '215', null, '', 'userTask', 'user', '2016-01-28 11:20:43', '2016-01-28 11:27:38', '415038');
INSERT INTO `act_hi_actinst` VALUES ('22', 'ExpenseProcess:1:4', '5', '5', 'exclusivegateway1', null, null, 'Exclusive Gateway', 'exclusiveGateway', null, '2016-01-26 17:40:33', '2016-01-26 17:40:33', '1');
INSERT INTO `act_hi_actinst` VALUES ('23', 'ExpenseProcess:1:4', '5', '5', 'usertask3', '24', null, '', 'userTask', 'finance', '2016-01-26 17:40:33', '2016-01-28 10:24:03', '146610200');
INSERT INTO `act_hi_actinst` VALUES ('301', 'ExpenseProcess:1:4', '201', '201', 'usertask2', '302', null, '', 'userTask', 'manager', '2016-01-28 11:27:38', '2016-01-28 11:27:51', '13568');
INSERT INTO `act_hi_actinst` VALUES ('303', 'ExpenseProcess:1:4', '201', '201', 'exclusivegateway1', null, null, 'Exclusive Gateway', 'exclusiveGateway', null, '2016-01-28 11:27:51', '2016-01-28 11:27:51', '1');
INSERT INTO `act_hi_actinst` VALUES ('304', 'ExpenseProcess:1:4', '201', '201', 'usertask3', '305', null, '', 'userTask', 'finance', '2016-01-28 11:27:51', null, null);
INSERT INTO `act_hi_actinst` VALUES ('402', 'ExpenseProcess:1:4', '401', '401', 'startevent1', null, null, 'Start', 'startEvent', null, '2016-01-28 11:35:37', '2016-01-28 11:35:37', '8');
INSERT INTO `act_hi_actinst` VALUES ('403', 'ExpenseProcess:1:4', '401', '401', 'usertask1', '404', null, '', 'userTask', 'user', '2016-01-28 11:35:37', '2016-01-28 11:35:37', '260');
INSERT INTO `act_hi_actinst` VALUES ('409', 'ExpenseProcess:1:4', '401', '401', 'usertask2', '410', null, '', 'userTask', 'manager', '2016-01-28 11:35:37', null, null);
INSERT INTO `act_hi_actinst` VALUES ('413', 'ExpenseProcess:1:4', '412', '412', 'startevent1', null, null, 'Start', 'startEvent', null, '2016-01-28 12:19:49', '2016-01-28 12:19:49', '0');
INSERT INTO `act_hi_actinst` VALUES ('414', 'ExpenseProcess:1:4', '412', '412', 'usertask1', '415', null, '', 'userTask', 'user', '2016-01-28 12:19:49', '2016-01-28 12:19:49', '617');
INSERT INTO `act_hi_actinst` VALUES ('420', 'ExpenseProcess:1:4', '412', '412', 'usertask2', '421', null, '', 'userTask', 'manager', '2016-01-28 12:19:49', '2016-01-28 12:21:08', '79453');
INSERT INTO `act_hi_actinst` VALUES ('424', 'ExpenseProcess:1:4', '412', '412', 'exclusivegateway1', null, null, 'Exclusive Gateway', 'exclusiveGateway', null, '2016-01-28 12:21:08', '2016-01-28 12:21:08', '2');
INSERT INTO `act_hi_actinst` VALUES ('425', 'ExpenseProcess:1:4', '412', '412', 'usertask1', '426', null, '', 'userTask', 'user', '2016-01-28 12:21:08', '2016-01-28 12:21:25', '17341');
INSERT INTO `act_hi_actinst` VALUES ('427', 'ExpenseProcess:1:4', '412', '412', 'usertask2', '428', null, '', 'userTask', 'manager', '2016-01-28 12:21:25', '2016-01-28 12:21:36', '11149');
INSERT INTO `act_hi_actinst` VALUES ('429', 'ExpenseProcess:1:4', '412', '412', 'exclusivegateway1', null, null, 'Exclusive Gateway', 'exclusiveGateway', null, '2016-01-28 12:21:36', '2016-01-28 12:21:36', '0');
INSERT INTO `act_hi_actinst` VALUES ('430', 'ExpenseProcess:1:4', '412', '412', 'usertask3', '431', null, '', 'userTask', 'finance', '2016-01-28 12:21:36', '2016-01-28 12:21:57', '21430');
INSERT INTO `act_hi_actinst` VALUES ('434', 'ExpenseProcess:1:4', '412', '412', 'exclusivegateway2', null, null, 'Exclusive Gateway', 'exclusiveGateway', null, '2016-01-28 12:21:57', '2016-01-28 12:21:57', '0');
INSERT INTO `act_hi_actinst` VALUES ('435', 'ExpenseProcess:1:4', '412', '412', 'endevent1', null, null, 'End', 'endEvent', null, '2016-01-28 12:21:57', '2016-01-28 12:21:57', '0');
INSERT INTO `act_hi_actinst` VALUES ('437', 'ExpenseProcess:1:4', '436', '436', 'startevent1', null, null, 'Start', 'startEvent', null, '2016-01-28 12:22:18', '2016-01-28 12:22:18', '0');
INSERT INTO `act_hi_actinst` VALUES ('438', 'ExpenseProcess:1:4', '436', '436', 'usertask1', '439', null, '', 'userTask', 'user', '2016-01-28 12:22:18', '2016-01-28 12:22:18', '721');
INSERT INTO `act_hi_actinst` VALUES ('444', 'ExpenseProcess:1:4', '436', '436', 'usertask2', '445', null, '', 'userTask', 'manager', '2016-01-28 12:22:18', '2016-01-28 12:23:44', '86180');
INSERT INTO `act_hi_actinst` VALUES ('448', 'ExpenseProcess:1:4', '436', '436', 'exclusivegateway1', null, null, 'Exclusive Gateway', 'exclusiveGateway', null, '2016-01-28 12:23:44', '2016-01-28 12:23:44', '1');
INSERT INTO `act_hi_actinst` VALUES ('449', 'ExpenseProcess:1:4', '436', '436', 'usertask3', '450', null, '', 'userTask', 'finance', '2016-01-28 12:23:44', '2016-01-28 12:24:12', '28722');
INSERT INTO `act_hi_actinst` VALUES ('453', 'ExpenseProcess:1:4', '436', '436', 'exclusivegateway2', null, null, 'Exclusive Gateway', 'exclusiveGateway', null, '2016-01-28 12:24:12', '2016-01-28 12:24:12', '0');
INSERT INTO `act_hi_actinst` VALUES ('454', 'ExpenseProcess:1:4', '436', '436', 'endevent1', null, null, 'End', 'endEvent', null, '2016-01-28 12:24:12', '2016-01-28 12:24:12', '0');
INSERT INTO `act_hi_actinst` VALUES ('6', 'ExpenseProcess:1:4', '5', '5', 'startevent1', null, null, 'Start', 'startEvent', null, '2016-01-26 17:40:03', '2016-01-26 17:40:03', '13');
INSERT INTO `act_hi_actinst` VALUES ('7', 'ExpenseProcess:1:4', '5', '5', 'usertask1', '8', null, '', 'userTask', 'user', '2016-01-26 17:40:03', '2016-01-26 17:40:03', '206');

-- ----------------------------
-- Table structure for act_hi_attachment
-- ----------------------------
DROP TABLE IF EXISTS `act_hi_attachment`;
CREATE TABLE `act_hi_attachment` (
  `ID_` varchar(64) COLLATE utf8_bin NOT NULL,
  `REV_` int(11) DEFAULT NULL,
  `USER_ID_` varchar(255) COLLATE utf8_bin DEFAULT NULL,
  `NAME_` varchar(255) COLLATE utf8_bin DEFAULT NULL,
  `DESCRIPTION_` varchar(4000) COLLATE utf8_bin DEFAULT NULL,
  `TYPE_` varchar(255) COLLATE utf8_bin DEFAULT NULL,
  `TASK_ID_` varchar(64) COLLATE utf8_bin DEFAULT NULL,
  `PROC_INST_ID_` varchar(64) COLLATE utf8_bin DEFAULT NULL,
  `URL_` varchar(4000) COLLATE utf8_bin DEFAULT NULL,
  `CONTENT_ID_` varchar(64) COLLATE utf8_bin DEFAULT NULL,
  PRIMARY KEY (`ID_`)
) ENGINE=InnoDB DEFAULT CHARSET=utf8 COLLATE=utf8_bin;

-- ----------------------------
-- Records of act_hi_attachment
-- ----------------------------

-- ----------------------------
-- Table structure for act_hi_comment
-- ----------------------------
DROP TABLE IF EXISTS `act_hi_comment`;
CREATE TABLE `act_hi_comment` (
  `ID_` varchar(64) COLLATE utf8_bin NOT NULL,
  `TYPE_` varchar(255) COLLATE utf8_bin DEFAULT NULL,
  `TIME_` datetime NOT NULL,
  `USER_ID_` varchar(255) COLLATE utf8_bin DEFAULT NULL,
  `TASK_ID_` varchar(64) COLLATE utf8_bin DEFAULT NULL,
  `PROC_INST_ID_` varchar(64) COLLATE utf8_bin DEFAULT NULL,
  `ACTION_` varchar(255) COLLATE utf8_bin DEFAULT NULL,
  `MESSAGE_` varchar(4000) COLLATE utf8_bin DEFAULT NULL,
  `FULL_MSG_` longblob,
  PRIMARY KEY (`ID_`)
) ENGINE=InnoDB DEFAULT CHARSET=utf8 COLLATE=utf8_bin;

-- ----------------------------
-- Records of act_hi_comment
-- ----------------------------

-- ----------------------------
-- Table structure for act_hi_detail
-- ----------------------------
DROP TABLE IF EXISTS `act_hi_detail`;
CREATE TABLE `act_hi_detail` (
  `ID_` varchar(64) COLLATE utf8_bin NOT NULL,
  `TYPE_` varchar(255) COLLATE utf8_bin NOT NULL,
  `PROC_INST_ID_` varchar(64) COLLATE utf8_bin DEFAULT NULL,
  `EXECUTION_ID_` varchar(64) COLLATE utf8_bin DEFAULT NULL,
  `TASK_ID_` varchar(64) COLLATE utf8_bin DEFAULT NULL,
  `ACT_INST_ID_` varchar(64) COLLATE utf8_bin DEFAULT NULL,
  `NAME_` varchar(255) COLLATE utf8_bin NOT NULL,
  `VAR_TYPE_` varchar(255) COLLATE utf8_bin DEFAULT NULL,
  `REV_` int(11) DEFAULT NULL,
  `TIME_` datetime NOT NULL,
  `BYTEARRAY_ID_` varchar(64) COLLATE utf8_bin DEFAULT NULL,
  `DOUBLE_` double DEFAULT NULL,
  `LONG_` bigint(20) DEFAULT NULL,
  `TEXT_` varchar(4000) COLLATE utf8_bin DEFAULT NULL,
  `TEXT2_` varchar(4000) COLLATE utf8_bin DEFAULT NULL,
  PRIMARY KEY (`ID_`),
  KEY `ACT_IDX_HI_DETAIL_PROC_INST` (`PROC_INST_ID_`),
  KEY `ACT_IDX_HI_DETAIL_ACT_INST` (`ACT_INST_ID_`),
  KEY `ACT_IDX_HI_DETAIL_TIME` (`TIME_`),
  KEY `ACT_IDX_HI_DETAIL_NAME` (`NAME_`),
  KEY `ACT_IDX_HI_DETAIL_TASK_ID` (`TASK_ID_`)
) ENGINE=InnoDB DEFAULT CHARSET=utf8 COLLATE=utf8_bin;

-- ----------------------------
-- Records of act_hi_detail
-- ----------------------------

-- ----------------------------
-- Table structure for act_hi_identitylink
-- ----------------------------
DROP TABLE IF EXISTS `act_hi_identitylink`;
CREATE TABLE `act_hi_identitylink` (
  `ID_` varchar(64) COLLATE utf8_bin NOT NULL DEFAULT '',
  `GROUP_ID_` varchar(255) COLLATE utf8_bin DEFAULT NULL,
  `TYPE_` varchar(255) COLLATE utf8_bin DEFAULT NULL,
  `USER_ID_` varchar(255) COLLATE utf8_bin DEFAULT NULL,
  `TASK_ID_` varchar(64) COLLATE utf8_bin DEFAULT NULL,
  `PROC_INST_ID_` varchar(64) COLLATE utf8_bin DEFAULT NULL,
  PRIMARY KEY (`ID_`),
  KEY `ACT_IDX_HI_IDENT_LNK_USER` (`USER_ID_`),
  KEY `ACT_IDX_HI_IDENT_LNK_TASK` (`TASK_ID_`),
  KEY `ACT_IDX_HI_IDENT_LNK_PROCINST` (`PROC_INST_ID_`)
) ENGINE=InnoDB DEFAULT CHARSET=utf8 COLLATE=utf8_bin;

-- ----------------------------
-- Records of act_hi_identitylink
-- ----------------------------
INSERT INTO `act_hi_identitylink` VALUES ('15', null, 'participant', 'manager', null, '5');
INSERT INTO `act_hi_identitylink` VALUES ('205', null, 'participant', 'user', null, '201');
INSERT INTO `act_hi_identitylink` VALUES ('211', null, 'participant', 'manager', null, '201');
INSERT INTO `act_hi_identitylink` VALUES ('25', null, 'participant', 'finance', null, '5');
INSERT INTO `act_hi_identitylink` VALUES ('306', null, 'participant', 'finance', null, '201');
INSERT INTO `act_hi_identitylink` VALUES ('405', null, 'participant', 'user', null, '401');
INSERT INTO `act_hi_identitylink` VALUES ('411', null, 'participant', 'manager', null, '401');
INSERT INTO `act_hi_identitylink` VALUES ('416', null, 'participant', 'user', null, '412');
INSERT INTO `act_hi_identitylink` VALUES ('422', null, 'participant', 'manager', null, '412');
INSERT INTO `act_hi_identitylink` VALUES ('432', null, 'participant', 'finance', null, '412');
INSERT INTO `act_hi_identitylink` VALUES ('440', null, 'participant', 'user', null, '436');
INSERT INTO `act_hi_identitylink` VALUES ('446', null, 'participant', 'manager', null, '436');
INSERT INTO `act_hi_identitylink` VALUES ('451', null, 'participant', 'finance', null, '436');
INSERT INTO `act_hi_identitylink` VALUES ('9', null, 'participant', 'user', null, '5');

-- ----------------------------
-- Table structure for act_hi_procinst
-- ----------------------------
DROP TABLE IF EXISTS `act_hi_procinst`;
CREATE TABLE `act_hi_procinst` (
  `ID_` varchar(64) COLLATE utf8_bin NOT NULL,
  `PROC_INST_ID_` varchar(64) COLLATE utf8_bin NOT NULL,
  `BUSINESS_KEY_` varchar(255) COLLATE utf8_bin DEFAULT NULL,
  `PROC_DEF_ID_` varchar(64) COLLATE utf8_bin NOT NULL,
  `START_TIME_` datetime NOT NULL,
  `END_TIME_` datetime DEFAULT NULL,
  `DURATION_` bigint(20) DEFAULT NULL,
  `START_USER_ID_` varchar(255) COLLATE utf8_bin DEFAULT NULL,
  `START_ACT_ID_` varchar(255) COLLATE utf8_bin DEFAULT NULL,
  `END_ACT_ID_` varchar(255) COLLATE utf8_bin DEFAULT NULL,
  `SUPER_PROCESS_INSTANCE_ID_` varchar(64) COLLATE utf8_bin DEFAULT NULL,
  `DELETE_REASON_` varchar(4000) COLLATE utf8_bin DEFAULT NULL,
  PRIMARY KEY (`ID_`),
  UNIQUE KEY `PROC_INST_ID_` (`PROC_INST_ID_`),
  UNIQUE KEY `ACT_UNIQ_HI_BUS_KEY` (`PROC_DEF_ID_`,`BUSINESS_KEY_`),
  KEY `ACT_IDX_HI_PRO_INST_END` (`END_TIME_`),
  KEY `ACT_IDX_HI_PRO_I_BUSKEY` (`BUSINESS_KEY_`)
) ENGINE=InnoDB DEFAULT CHARSET=utf8 COLLATE=utf8_bin;

-- ----------------------------
-- Records of act_hi_procinst
-- ----------------------------
INSERT INTO `act_hi_procinst` VALUES ('201', '201', null, 'ExpenseProcess:1:4', '2016-01-28 11:20:30', null, null, null, 'startevent1', null, null, null);
INSERT INTO `act_hi_procinst` VALUES ('401', '401', null, 'ExpenseProcess:1:4', '2016-01-28 11:35:37', null, null, null, 'startevent1', null, null, null);
INSERT INTO `act_hi_procinst` VALUES ('412', '412', null, 'ExpenseProcess:1:4', '2016-01-28 12:19:49', '2016-01-28 12:21:57', '128431', null, 'startevent1', 'endevent1', null, null);
INSERT INTO `act_hi_procinst` VALUES ('436', '436', null, 'ExpenseProcess:1:4', '2016-01-28 12:22:18', '2016-01-28 12:24:12', '114723', null, 'startevent1', 'endevent1', null, null);
INSERT INTO `act_hi_procinst` VALUES ('5', '5', null, 'ExpenseProcess:1:4', '2016-01-26 17:40:03', '2016-01-28 10:28:50', '146927495', null, 'startevent1', 'endevent1', null, null);

-- ----------------------------
-- Table structure for act_hi_taskinst
-- ----------------------------
DROP TABLE IF EXISTS `act_hi_taskinst`;
CREATE TABLE `act_hi_taskinst` (
  `ID_` varchar(64) COLLATE utf8_bin NOT NULL,
  `PROC_DEF_ID_` varchar(64) COLLATE utf8_bin DEFAULT NULL,
  `TASK_DEF_KEY_` varchar(255) COLLATE utf8_bin DEFAULT NULL,
  `PROC_INST_ID_` varchar(64) COLLATE utf8_bin DEFAULT NULL,
  `EXECUTION_ID_` varchar(64) COLLATE utf8_bin DEFAULT NULL,
  `NAME_` varchar(255) COLLATE utf8_bin DEFAULT NULL,
  `PARENT_TASK_ID_` varchar(64) COLLATE utf8_bin DEFAULT NULL,
  `DESCRIPTION_` varchar(4000) COLLATE utf8_bin DEFAULT NULL,
  `OWNER_` varchar(255) COLLATE utf8_bin DEFAULT NULL,
  `ASSIGNEE_` varchar(255) COLLATE utf8_bin DEFAULT NULL,
  `START_TIME_` datetime NOT NULL,
  `CLAIM_TIME_` datetime DEFAULT NULL,
  `END_TIME_` datetime DEFAULT NULL,
  `DURATION_` bigint(20) DEFAULT NULL,
  `DELETE_REASON_` varchar(4000) COLLATE utf8_bin DEFAULT NULL,
  `PRIORITY_` int(11) DEFAULT NULL,
  `DUE_DATE_` datetime DEFAULT NULL,
  `FORM_KEY_` varchar(255) COLLATE utf8_bin DEFAULT NULL,
  PRIMARY KEY (`ID_`)
) ENGINE=InnoDB DEFAULT CHARSET=utf8 COLLATE=utf8_bin;

-- ----------------------------
-- Records of act_hi_taskinst
-- ----------------------------
INSERT INTO `act_hi_taskinst` VALUES ('104', 'ExpenseProcess:1:4', 'usertask1', '5', '5', '', null, null, null, 'user', '2016-01-28 10:24:03', null, '2016-01-28 10:28:17', '254784', 'completed', '50', null, null);
INSERT INTO `act_hi_taskinst` VALUES ('106', 'ExpenseProcess:1:4', 'usertask2', '5', '5', '', null, null, null, 'manager', '2016-01-28 10:28:17', null, '2016-01-28 10:28:26', '9531', 'completed', '50', null, null);
INSERT INTO `act_hi_taskinst` VALUES ('109', 'ExpenseProcess:1:4', 'usertask3', '5', '5', '', null, null, null, 'finance', '2016-01-28 10:28:26', null, '2016-01-28 10:28:50', '24484', 'completed', '50', null, null);
INSERT INTO `act_hi_taskinst` VALUES ('14', 'ExpenseProcess:1:4', 'usertask2', '5', '5', '', null, null, null, 'manager', '2016-01-26 17:40:03', null, '2016-01-26 17:40:13', '10359', 'completed', '50', null, null);
INSERT INTO `act_hi_taskinst` VALUES ('19', 'ExpenseProcess:1:4', 'usertask1', '5', '5', '', null, null, null, 'user', '2016-01-26 17:40:13', null, '2016-01-26 17:40:26', '13941', 'completed', '50', null, null);
INSERT INTO `act_hi_taskinst` VALUES ('204', 'ExpenseProcess:1:4', 'usertask1', '201', '201', '', null, null, null, 'user', '2016-01-28 11:20:30', null, '2016-01-28 11:20:30', '583', 'completed', '50', null, null);
INSERT INTO `act_hi_taskinst` VALUES ('21', 'ExpenseProcess:1:4', 'usertask2', '5', '5', '', null, null, null, 'manager', '2016-01-26 17:40:26', null, '2016-01-26 17:40:33', '7256', 'completed', '50', null, null);
INSERT INTO `act_hi_taskinst` VALUES ('210', 'ExpenseProcess:1:4', 'usertask2', '201', '201', '', null, null, null, 'manager', '2016-01-28 11:20:30', null, '2016-01-28 11:20:43', '13911', 'completed', '50', null, null);
INSERT INTO `act_hi_taskinst` VALUES ('215', 'ExpenseProcess:1:4', 'usertask1', '201', '201', '', null, null, null, 'user', '2016-01-28 11:20:43', null, '2016-01-28 11:27:38', '415020', 'completed', '50', null, null);
INSERT INTO `act_hi_taskinst` VALUES ('24', 'ExpenseProcess:1:4', 'usertask3', '5', '5', '', null, null, null, 'finance', '2016-01-26 17:40:33', null, '2016-01-28 10:24:03', '146610180', 'completed', '50', null, null);
INSERT INTO `act_hi_taskinst` VALUES ('302', 'ExpenseProcess:1:4', 'usertask2', '201', '201', '', null, null, null, 'manager', '2016-01-28 11:27:38', null, '2016-01-28 11:27:51', '13562', 'completed', '50', null, null);
INSERT INTO `act_hi_taskinst` VALUES ('305', 'ExpenseProcess:1:4', 'usertask3', '201', '201', '', null, null, null, 'finance', '2016-01-28 11:27:51', null, null, null, null, '50', null, null);
INSERT INTO `act_hi_taskinst` VALUES ('404', 'ExpenseProcess:1:4', 'usertask1', '401', '401', '', null, null, null, 'user', '2016-01-28 11:35:37', null, '2016-01-28 11:35:37', '249', 'completed', '50', null, null);
INSERT INTO `act_hi_taskinst` VALUES ('410', 'ExpenseProcess:1:4', 'usertask2', '401', '401', '', null, null, null, 'manager', '2016-01-28 11:35:37', null, null, null, null, '50', null, null);
INSERT INTO `act_hi_taskinst` VALUES ('415', 'ExpenseProcess:1:4', 'usertask1', '412', '412', '', null, null, null, 'user', '2016-01-28 12:19:49', null, '2016-01-28 12:19:49', '613', 'completed', '50', null, null);
INSERT INTO `act_hi_taskinst` VALUES ('421', 'ExpenseProcess:1:4', 'usertask2', '412', '412', '', null, null, null, 'manager', '2016-01-28 12:19:49', null, '2016-01-28 12:21:08', '79449', 'completed', '50', null, null);
INSERT INTO `act_hi_taskinst` VALUES ('426', 'ExpenseProcess:1:4', 'usertask1', '412', '412', '', null, null, null, 'user', '2016-01-28 12:21:08', null, '2016-01-28 12:21:25', '17335', 'completed', '50', null, null);
INSERT INTO `act_hi_taskinst` VALUES ('428', 'ExpenseProcess:1:4', 'usertask2', '412', '412', '', null, null, null, 'manager', '2016-01-28 12:21:25', null, '2016-01-28 12:21:36', '11145', 'completed', '50', null, null);
INSERT INTO `act_hi_taskinst` VALUES ('431', 'ExpenseProcess:1:4', 'usertask3', '412', '412', '', null, null, null, 'finance', '2016-01-28 12:21:36', null, '2016-01-28 12:21:57', '21426', 'completed', '50', null, null);
INSERT INTO `act_hi_taskinst` VALUES ('439', 'ExpenseProcess:1:4', 'usertask1', '436', '436', '', null, null, null, 'user', '2016-01-28 12:22:18', null, '2016-01-28 12:22:18', '715', 'completed', '50', null, null);
INSERT INTO `act_hi_taskinst` VALUES ('445', 'ExpenseProcess:1:4', 'usertask2', '436', '436', '', null, null, null, 'manager', '2016-01-28 12:22:18', null, '2016-01-28 12:23:44', '86176', 'completed', '50', null, null);
INSERT INTO `act_hi_taskinst` VALUES ('450', 'ExpenseProcess:1:4', 'usertask3', '436', '436', '', null, null, null, 'finance', '2016-01-28 12:23:44', null, '2016-01-28 12:24:12', '28717', 'completed', '50', null, null);
INSERT INTO `act_hi_taskinst` VALUES ('8', 'ExpenseProcess:1:4', 'usertask1', '5', '5', '', null, null, null, 'user', '2016-01-26 17:40:03', null, '2016-01-26 17:40:03', '193', 'completed', '50', null, null);

-- ----------------------------
-- Table structure for act_hi_varinst
-- ----------------------------
DROP TABLE IF EXISTS `act_hi_varinst`;
CREATE TABLE `act_hi_varinst` (
  `ID_` varchar(64) COLLATE utf8_bin NOT NULL,
  `PROC_INST_ID_` varchar(64) COLLATE utf8_bin DEFAULT NULL,
  `EXECUTION_ID_` varchar(64) COLLATE utf8_bin DEFAULT NULL,
  `TASK_ID_` varchar(64) COLLATE utf8_bin DEFAULT NULL,
  `NAME_` varchar(255) COLLATE utf8_bin NOT NULL,
  `VAR_TYPE_` varchar(100) COLLATE utf8_bin DEFAULT NULL,
  `REV_` int(11) DEFAULT NULL,
  `BYTEARRAY_ID_` varchar(64) COLLATE utf8_bin DEFAULT NULL,
  `DOUBLE_` double DEFAULT NULL,
  `LONG_` bigint(20) DEFAULT NULL,
  `TEXT_` varchar(4000) COLLATE utf8_bin DEFAULT NULL,
  `TEXT2_` varchar(4000) COLLATE utf8_bin DEFAULT NULL,
  PRIMARY KEY (`ID_`),
  KEY `ACT_IDX_HI_PROCVAR_PROC_INST` (`PROC_INST_ID_`),
  KEY `ACT_IDX_HI_PROCVAR_NAME_TYPE` (`NAME_`,`VAR_TYPE_`)
) ENGINE=InnoDB DEFAULT CHARSET=utf8 COLLATE=utf8_bin;

-- ----------------------------
-- Records of act_hi_varinst
-- ----------------------------
INSERT INTO `act_hi_varinst` VALUES ('101', '5', '5', null, 'financeMark', 'integer', '1', null, null, '1', '1', null);
INSERT INTO `act_hi_varinst` VALUES ('11', '5', '5', null, 'expa', 'serializable', '0', '12', null, null, null, null);
INSERT INTO `act_hi_varinst` VALUES ('16', '5', '5', null, 'managerMark', 'integer', '1', null, null, '1', '1', null);
INSERT INTO `act_hi_varinst` VALUES ('207', '201', '201', null, 'expa', 'serializable', '0', '208', null, null, null, null);
INSERT INTO `act_hi_varinst` VALUES ('212', '201', '201', null, 'managerMark', 'integer', '1', null, null, '1', '1', null);
INSERT INTO `act_hi_varinst` VALUES ('407', '401', '401', null, 'expa', 'serializable', '0', '408', null, null, null, null);
INSERT INTO `act_hi_varinst` VALUES ('418', '412', '412', null, 'expa', 'serializable', '0', '419', null, null, null, null);
INSERT INTO `act_hi_varinst` VALUES ('423', '412', '412', null, 'managerMark', 'integer', '1', null, null, '1', '1', null);
INSERT INTO `act_hi_varinst` VALUES ('433', '412', '412', null, 'financeMark', 'integer', '0', null, null, '2', '2', null);
INSERT INTO `act_hi_varinst` VALUES ('442', '436', '436', null, 'expa', 'serializable', '0', '443', null, null, null, null);
INSERT INTO `act_hi_varinst` VALUES ('447', '436', '436', null, 'managerMark', 'integer', '0', null, null, '1', '1', null);
INSERT INTO `act_hi_varinst` VALUES ('452', '436', '436', null, 'financeMark', 'integer', '0', null, null, '1', '1', null);

-- ----------------------------
-- Table structure for act_id_group
-- ----------------------------
DROP TABLE IF EXISTS `act_id_group`;
CREATE TABLE `act_id_group` (
  `ID_` varchar(64) COLLATE utf8_bin NOT NULL DEFAULT '',
  `REV_` int(11) DEFAULT NULL,
  `NAME_` varchar(255) COLLATE utf8_bin DEFAULT NULL,
  `TYPE_` varchar(255) COLLATE utf8_bin DEFAULT NULL,
  PRIMARY KEY (`ID_`)
) ENGINE=InnoDB DEFAULT CHARSET=utf8 COLLATE=utf8_bin;

-- ----------------------------
-- Records of act_id_group
-- ----------------------------

-- ----------------------------
-- Table structure for act_id_info
-- ----------------------------
DROP TABLE IF EXISTS `act_id_info`;
CREATE TABLE `act_id_info` (
  `ID_` varchar(64) COLLATE utf8_bin NOT NULL DEFAULT '',
  `REV_` int(11) DEFAULT NULL,
  `USER_ID_` varchar(64) COLLATE utf8_bin DEFAULT NULL,
  `TYPE_` varchar(64) COLLATE utf8_bin DEFAULT NULL,
  `KEY_` varchar(255) COLLATE utf8_bin DEFAULT NULL,
  `VALUE_` varchar(255) COLLATE utf8_bin DEFAULT NULL,
  `PASSWORD_` longblob,
  `PARENT_ID_` varchar(255) COLLATE utf8_bin DEFAULT NULL,
  PRIMARY KEY (`ID_`)
) ENGINE=InnoDB DEFAULT CHARSET=utf8 COLLATE=utf8_bin;

-- ----------------------------
-- Records of act_id_info
-- ----------------------------

-- ----------------------------
-- Table structure for act_id_membership
-- ----------------------------
DROP TABLE IF EXISTS `act_id_membership`;
CREATE TABLE `act_id_membership` (
  `USER_ID_` varchar(64) COLLATE utf8_bin NOT NULL DEFAULT '',
  `GROUP_ID_` varchar(64) COLLATE utf8_bin NOT NULL DEFAULT '',
  PRIMARY KEY (`USER_ID_`,`GROUP_ID_`),
  KEY `ACT_FK_MEMB_GROUP` (`GROUP_ID_`),
  CONSTRAINT `ACT_FK_MEMB_GROUP` FOREIGN KEY (`GROUP_ID_`) REFERENCES `act_id_group` (`ID_`),
  CONSTRAINT `ACT_FK_MEMB_USER` FOREIGN KEY (`USER_ID_`) REFERENCES `act_id_user` (`ID_`)
) ENGINE=InnoDB DEFAULT CHARSET=utf8 COLLATE=utf8_bin;

-- ----------------------------
-- Records of act_id_membership
-- ----------------------------

-- ----------------------------
-- Table structure for act_id_user
-- ----------------------------
DROP TABLE IF EXISTS `act_id_user`;
CREATE TABLE `act_id_user` (
  `ID_` varchar(64) COLLATE utf8_bin NOT NULL DEFAULT '',
  `REV_` int(11) DEFAULT NULL,
  `FIRST_` varchar(255) COLLATE utf8_bin DEFAULT NULL,
  `LAST_` varchar(255) COLLATE utf8_bin DEFAULT NULL,
  `EMAIL_` varchar(255) COLLATE utf8_bin DEFAULT NULL,
  `PWD_` varchar(255) COLLATE utf8_bin DEFAULT NULL,
  `PICTURE_ID_` varchar(64) COLLATE utf8_bin DEFAULT NULL,
  PRIMARY KEY (`ID_`)
) ENGINE=InnoDB DEFAULT CHARSET=utf8 COLLATE=utf8_bin;

-- ----------------------------
-- Records of act_id_user
-- ----------------------------

-- ----------------------------
-- Table structure for act_re_deployment
-- ----------------------------
DROP TABLE IF EXISTS `act_re_deployment`;
CREATE TABLE `act_re_deployment` (
  `ID_` varchar(64) COLLATE utf8_bin NOT NULL DEFAULT '',
  `NAME_` varchar(255) COLLATE utf8_bin DEFAULT NULL,
  `CATEGORY_` varchar(255) COLLATE utf8_bin DEFAULT NULL,
  `DEPLOY_TIME_` timestamp NOT NULL DEFAULT CURRENT_TIMESTAMP ON UPDATE CURRENT_TIMESTAMP,
  PRIMARY KEY (`ID_`)
) ENGINE=InnoDB DEFAULT CHARSET=utf8 COLLATE=utf8_bin;

-- ----------------------------
-- Records of act_re_deployment
-- ----------------------------
INSERT INTO `act_re_deployment` VALUES ('1', '', null, '2016-01-26 17:39:50');

-- ----------------------------
-- Table structure for act_re_model
-- ----------------------------
DROP TABLE IF EXISTS `act_re_model`;
CREATE TABLE `act_re_model` (
  `ID_` varchar(64) COLLATE utf8_bin NOT NULL,
  `REV_` int(11) DEFAULT NULL,
  `NAME_` varchar(255) COLLATE utf8_bin DEFAULT NULL,
  `KEY_` varchar(255) COLLATE utf8_bin DEFAULT NULL,
  `CATEGORY_` varchar(255) COLLATE utf8_bin DEFAULT NULL,
  `CREATE_TIME_` timestamp NULL DEFAULT NULL,
  `LAST_UPDATE_TIME_` timestamp NULL DEFAULT NULL,
  `VERSION_` int(11) DEFAULT NULL,
  `META_INFO_` varchar(4000) COLLATE utf8_bin DEFAULT NULL,
  `DEPLOYMENT_ID_` varchar(64) COLLATE utf8_bin DEFAULT NULL,
  `EDITOR_SOURCE_VALUE_ID_` varchar(64) COLLATE utf8_bin DEFAULT NULL,
  `EDITOR_SOURCE_EXTRA_VALUE_ID_` varchar(64) COLLATE utf8_bin DEFAULT NULL,
  PRIMARY KEY (`ID_`),
  KEY `ACT_FK_MODEL_SOURCE` (`EDITOR_SOURCE_VALUE_ID_`),
  KEY `ACT_FK_MODEL_SOURCE_EXTRA` (`EDITOR_SOURCE_EXTRA_VALUE_ID_`),
  KEY `ACT_FK_MODEL_DEPLOYMENT` (`DEPLOYMENT_ID_`),
  CONSTRAINT `ACT_FK_MODEL_DEPLOYMENT` FOREIGN KEY (`DEPLOYMENT_ID_`) REFERENCES `act_re_deployment` (`ID_`),
  CONSTRAINT `ACT_FK_MODEL_SOURCE` FOREIGN KEY (`EDITOR_SOURCE_VALUE_ID_`) REFERENCES `act_ge_bytearray` (`ID_`),
  CONSTRAINT `ACT_FK_MODEL_SOURCE_EXTRA` FOREIGN KEY (`EDITOR_SOURCE_EXTRA_VALUE_ID_`) REFERENCES `act_ge_bytearray` (`ID_`)
) ENGINE=InnoDB DEFAULT CHARSET=utf8 COLLATE=utf8_bin;

-- ----------------------------
-- Records of act_re_model
-- ----------------------------

-- ----------------------------
-- Table structure for act_re_procdef
-- ----------------------------
DROP TABLE IF EXISTS `act_re_procdef`;
CREATE TABLE `act_re_procdef` (
  `ID_` varchar(64) COLLATE utf8_bin NOT NULL,
  `REV_` int(11) DEFAULT NULL,
  `CATEGORY_` varchar(255) COLLATE utf8_bin DEFAULT NULL,
  `NAME_` varchar(255) COLLATE utf8_bin DEFAULT NULL,
  `KEY_` varchar(255) COLLATE utf8_bin NOT NULL,
  `VERSION_` int(11) NOT NULL,
  `DEPLOYMENT_ID_` varchar(64) COLLATE utf8_bin DEFAULT NULL,
  `RESOURCE_NAME_` varchar(4000) COLLATE utf8_bin DEFAULT NULL,
  `DGRM_RESOURCE_NAME_` varchar(4000) COLLATE utf8_bin DEFAULT NULL,
  `DESCRIPTION_` varchar(4000) COLLATE utf8_bin DEFAULT NULL,
  `HAS_START_FORM_KEY_` tinyint(4) DEFAULT NULL,
  `SUSPENSION_STATE_` int(11) DEFAULT NULL,
  PRIMARY KEY (`ID_`),
  UNIQUE KEY `ACT_UNIQ_PROCDEF` (`KEY_`,`VERSION_`)
) ENGINE=InnoDB DEFAULT CHARSET=utf8 COLLATE=utf8_bin;

-- ----------------------------
-- Records of act_re_procdef
-- ----------------------------
INSERT INTO `act_re_procdef` VALUES ('ExpenseProcess:1:4', '1', 'http://www.activiti.org/test', 'ExpenseProcess', 'ExpenseProcess', '1', '1', 'ExpenseProcess/ExpenseProcess.bpmn', 'ExpenseProcess/ExpenseProcess.png', null, '0', '1');

-- ----------------------------
-- Table structure for act_ru_event_subscr
-- ----------------------------
DROP TABLE IF EXISTS `act_ru_event_subscr`;
CREATE TABLE `act_ru_event_subscr` (
  `ID_` varchar(64) COLLATE utf8_bin NOT NULL,
  `REV_` int(11) DEFAULT NULL,
  `EVENT_TYPE_` varchar(255) COLLATE utf8_bin NOT NULL,
  `EVENT_NAME_` varchar(255) COLLATE utf8_bin DEFAULT NULL,
  `EXECUTION_ID_` varchar(64) COLLATE utf8_bin DEFAULT NULL,
  `PROC_INST_ID_` varchar(64) COLLATE utf8_bin DEFAULT NULL,
  `ACTIVITY_ID_` varchar(64) COLLATE utf8_bin DEFAULT NULL,
  `CONFIGURATION_` varchar(255) COLLATE utf8_bin DEFAULT NULL,
  `CREATED_` timestamp NOT NULL DEFAULT CURRENT_TIMESTAMP,
  PRIMARY KEY (`ID_`),
  KEY `ACT_IDX_EVENT_SUBSCR_CONFIG_` (`CONFIGURATION_`),
  KEY `ACT_FK_EVENT_EXEC` (`EXECUTION_ID_`),
  CONSTRAINT `ACT_FK_EVENT_EXEC` FOREIGN KEY (`EXECUTION_ID_`) REFERENCES `act_ru_execution` (`ID_`)
) ENGINE=InnoDB DEFAULT CHARSET=utf8 COLLATE=utf8_bin;

-- ----------------------------
-- Records of act_ru_event_subscr
-- ----------------------------

-- ----------------------------
-- Table structure for act_ru_execution
-- ----------------------------
DROP TABLE IF EXISTS `act_ru_execution`;
CREATE TABLE `act_ru_execution` (
  `ID_` varchar(64) COLLATE utf8_bin NOT NULL DEFAULT '',
  `REV_` int(11) DEFAULT NULL,
  `PROC_INST_ID_` varchar(64) COLLATE utf8_bin DEFAULT NULL,
  `BUSINESS_KEY_` varchar(255) COLLATE utf8_bin DEFAULT NULL,
  `PARENT_ID_` varchar(64) COLLATE utf8_bin DEFAULT NULL,
  `PROC_DEF_ID_` varchar(64) COLLATE utf8_bin DEFAULT NULL,
  `SUPER_EXEC_` varchar(64) COLLATE utf8_bin DEFAULT NULL,
  `ACT_ID_` varchar(255) COLLATE utf8_bin DEFAULT NULL,
  `IS_ACTIVE_` tinyint(4) DEFAULT NULL,
  `IS_CONCURRENT_` tinyint(4) DEFAULT NULL,
  `IS_SCOPE_` tinyint(4) DEFAULT NULL,
  `IS_EVENT_SCOPE_` tinyint(4) DEFAULT NULL,
  `SUSPENSION_STATE_` int(11) DEFAULT NULL,
  `CACHED_ENT_STATE_` int(11) DEFAULT NULL,
  PRIMARY KEY (`ID_`),
  UNIQUE KEY `ACT_UNIQ_RU_BUS_KEY` (`PROC_DEF_ID_`,`BUSINESS_KEY_`),
  KEY `ACT_IDX_EXEC_BUSKEY` (`BUSINESS_KEY_`),
  KEY `ACT_FK_EXE_PROCINST` (`PROC_INST_ID_`),
  KEY `ACT_FK_EXE_PARENT` (`PARENT_ID_`),
  KEY `ACT_FK_EXE_SUPER` (`SUPER_EXEC_`),
  CONSTRAINT `ACT_FK_EXE_PARENT` FOREIGN KEY (`PARENT_ID_`) REFERENCES `act_ru_execution` (`ID_`),
  CONSTRAINT `ACT_FK_EXE_PROCDEF` FOREIGN KEY (`PROC_DEF_ID_`) REFERENCES `act_re_procdef` (`ID_`),
  CONSTRAINT `ACT_FK_EXE_PROCINST` FOREIGN KEY (`PROC_INST_ID_`) REFERENCES `act_ru_execution` (`ID_`) ON DELETE CASCADE ON UPDATE CASCADE,
  CONSTRAINT `ACT_FK_EXE_SUPER` FOREIGN KEY (`SUPER_EXEC_`) REFERENCES `act_ru_execution` (`ID_`)
) ENGINE=InnoDB DEFAULT CHARSET=utf8 COLLATE=utf8_bin;

-- ----------------------------
-- Records of act_ru_execution
-- ----------------------------
INSERT INTO `act_ru_execution` VALUES ('201', '5', '201', null, null, 'ExpenseProcess:1:4', null, 'usertask3', '1', '0', '1', '0', '1', '2');
INSERT INTO `act_ru_execution` VALUES ('401', '2', '401', null, null, 'ExpenseProcess:1:4', null, 'usertask2', '1', '0', '1', '0', '1', '2');

-- ----------------------------
-- Table structure for act_ru_identitylink
-- ----------------------------
DROP TABLE IF EXISTS `act_ru_identitylink`;
CREATE TABLE `act_ru_identitylink` (
  `ID_` varchar(64) COLLATE utf8_bin NOT NULL DEFAULT '',
  `REV_` int(11) DEFAULT NULL,
  `GROUP_ID_` varchar(255) COLLATE utf8_bin DEFAULT NULL,
  `TYPE_` varchar(255) COLLATE utf8_bin DEFAULT NULL,
  `USER_ID_` varchar(255) COLLATE utf8_bin DEFAULT NULL,
  `TASK_ID_` varchar(64) COLLATE utf8_bin DEFAULT NULL,
  `PROC_INST_ID_` varchar(64) COLLATE utf8_bin DEFAULT NULL,
  `PROC_DEF_ID_` varchar(64) COLLATE utf8_bin DEFAULT NULL,
  PRIMARY KEY (`ID_`),
  KEY `ACT_IDX_IDENT_LNK_USER` (`USER_ID_`),
  KEY `ACT_IDX_IDENT_LNK_GROUP` (`GROUP_ID_`),
  KEY `ACT_IDX_ATHRZ_PROCEDEF` (`PROC_DEF_ID_`),
  KEY `ACT_FK_TSKASS_TASK` (`TASK_ID_`),
  KEY `ACT_FK_IDL_PROCINST` (`PROC_INST_ID_`),
  CONSTRAINT `ACT_FK_ATHRZ_PROCEDEF` FOREIGN KEY (`PROC_DEF_ID_`) REFERENCES `act_re_procdef` (`ID_`),
  CONSTRAINT `ACT_FK_IDL_PROCINST` FOREIGN KEY (`PROC_INST_ID_`) REFERENCES `act_ru_execution` (`ID_`),
  CONSTRAINT `ACT_FK_TSKASS_TASK` FOREIGN KEY (`TASK_ID_`) REFERENCES `act_ru_task` (`ID_`)
) ENGINE=InnoDB DEFAULT CHARSET=utf8 COLLATE=utf8_bin;

-- ----------------------------
-- Records of act_ru_identitylink
-- ----------------------------
INSERT INTO `act_ru_identitylink` VALUES ('205', '1', null, 'participant', 'user', null, '201', null);
INSERT INTO `act_ru_identitylink` VALUES ('211', '1', null, 'participant', 'manager', null, '201', null);
INSERT INTO `act_ru_identitylink` VALUES ('306', '1', null, 'participant', 'finance', null, '201', null);
INSERT INTO `act_ru_identitylink` VALUES ('405', '1', null, 'participant', 'user', null, '401', null);
INSERT INTO `act_ru_identitylink` VALUES ('411', '1', null, 'participant', 'manager', null, '401', null);

-- ----------------------------
-- Table structure for act_ru_job
-- ----------------------------
DROP TABLE IF EXISTS `act_ru_job`;
CREATE TABLE `act_ru_job` (
  `ID_` varchar(64) COLLATE utf8_bin NOT NULL,
  `REV_` int(11) DEFAULT NULL,
  `TYPE_` varchar(255) COLLATE utf8_bin NOT NULL,
  `LOCK_EXP_TIME_` timestamp NULL DEFAULT NULL,
  `LOCK_OWNER_` varchar(255) COLLATE utf8_bin DEFAULT NULL,
  `EXCLUSIVE_` tinyint(1) DEFAULT NULL,
  `EXECUTION_ID_` varchar(64) COLLATE utf8_bin DEFAULT NULL,
  `PROCESS_INSTANCE_ID_` varchar(64) COLLATE utf8_bin DEFAULT NULL,
  `PROC_DEF_ID_` varchar(64) COLLATE utf8_bin DEFAULT NULL,
  `RETRIES_` int(11) DEFAULT NULL,
  `EXCEPTION_STACK_ID_` varchar(64) COLLATE utf8_bin DEFAULT NULL,
  `EXCEPTION_MSG_` varchar(4000) COLLATE utf8_bin DEFAULT NULL,
  `DUEDATE_` timestamp NULL DEFAULT NULL,
  `REPEAT_` varchar(255) COLLATE utf8_bin DEFAULT NULL,
  `HANDLER_TYPE_` varchar(255) COLLATE utf8_bin DEFAULT NULL,
  `HANDLER_CFG_` varchar(4000) COLLATE utf8_bin DEFAULT NULL,
  PRIMARY KEY (`ID_`),
  KEY `ACT_FK_JOB_EXCEPTION` (`EXCEPTION_STACK_ID_`),
  CONSTRAINT `ACT_FK_JOB_EXCEPTION` FOREIGN KEY (`EXCEPTION_STACK_ID_`) REFERENCES `act_ge_bytearray` (`ID_`)
) ENGINE=InnoDB DEFAULT CHARSET=utf8 COLLATE=utf8_bin;

-- ----------------------------
-- Records of act_ru_job
-- ----------------------------

-- ----------------------------
-- Table structure for act_ru_task
-- ----------------------------
DROP TABLE IF EXISTS `act_ru_task`;
CREATE TABLE `act_ru_task` (
  `ID_` varchar(64) COLLATE utf8_bin NOT NULL DEFAULT '',
  `REV_` int(11) DEFAULT NULL,
  `EXECUTION_ID_` varchar(64) COLLATE utf8_bin DEFAULT NULL,
  `PROC_INST_ID_` varchar(64) COLLATE utf8_bin DEFAULT NULL,
  `PROC_DEF_ID_` varchar(64) COLLATE utf8_bin DEFAULT NULL,
  `NAME_` varchar(255) COLLATE utf8_bin DEFAULT NULL,
  `PARENT_TASK_ID_` varchar(64) COLLATE utf8_bin DEFAULT NULL,
  `DESCRIPTION_` varchar(4000) COLLATE utf8_bin DEFAULT NULL,
  `TASK_DEF_KEY_` varchar(255) COLLATE utf8_bin DEFAULT NULL,
  `OWNER_` varchar(255) COLLATE utf8_bin DEFAULT NULL,
  `ASSIGNEE_` varchar(255) COLLATE utf8_bin DEFAULT NULL,
  `DELEGATION_` varchar(64) COLLATE utf8_bin DEFAULT NULL,
  `PRIORITY_` int(11) DEFAULT NULL,
  `CREATE_TIME_` timestamp NOT NULL DEFAULT CURRENT_TIMESTAMP ON UPDATE CURRENT_TIMESTAMP,
  `DUE_DATE_` datetime DEFAULT NULL,
  `SUSPENSION_STATE_` int(11) DEFAULT NULL,
  PRIMARY KEY (`ID_`),
  KEY `ACT_IDX_TASK_CREATE` (`CREATE_TIME_`),
  KEY `ACT_FK_TASK_EXE` (`EXECUTION_ID_`),
  KEY `ACT_FK_TASK_PROCINST` (`PROC_INST_ID_`),
  KEY `ACT_FK_TASK_PROCDEF` (`PROC_DEF_ID_`),
  CONSTRAINT `ACT_FK_TASK_EXE` FOREIGN KEY (`EXECUTION_ID_`) REFERENCES `act_ru_execution` (`ID_`),
  CONSTRAINT `ACT_FK_TASK_PROCDEF` FOREIGN KEY (`PROC_DEF_ID_`) REFERENCES `act_re_procdef` (`ID_`),
  CONSTRAINT `ACT_FK_TASK_PROCINST` FOREIGN KEY (`PROC_INST_ID_`) REFERENCES `act_ru_execution` (`ID_`)
) ENGINE=InnoDB DEFAULT CHARSET=utf8 COLLATE=utf8_bin;

-- ----------------------------
-- Records of act_ru_task
-- ----------------------------
INSERT INTO `act_ru_task` VALUES ('305', '1', '201', '201', 'ExpenseProcess:1:4', '', null, null, 'usertask3', null, 'finance', null, '50', '2016-01-28 11:27:51', null, '1');
INSERT INTO `act_ru_task` VALUES ('410', '1', '401', '401', 'ExpenseProcess:1:4', '', null, null, 'usertask2', null, 'manager', null, '50', '2016-01-28 11:35:37', null, '1');

-- ----------------------------
-- Table structure for act_ru_variable
-- ----------------------------
DROP TABLE IF EXISTS `act_ru_variable`;
CREATE TABLE `act_ru_variable` (
  `ID_` varchar(64) COLLATE utf8_bin NOT NULL,
  `REV_` int(11) DEFAULT NULL,
  `TYPE_` varchar(255) COLLATE utf8_bin NOT NULL,
  `NAME_` varchar(255) COLLATE utf8_bin NOT NULL,
  `EXECUTION_ID_` varchar(64) COLLATE utf8_bin DEFAULT NULL,
  `PROC_INST_ID_` varchar(64) COLLATE utf8_bin DEFAULT NULL,
  `TASK_ID_` varchar(64) COLLATE utf8_bin DEFAULT NULL,
  `BYTEARRAY_ID_` varchar(64) COLLATE utf8_bin DEFAULT NULL,
  `DOUBLE_` double DEFAULT NULL,
  `LONG_` bigint(20) DEFAULT NULL,
  `TEXT_` varchar(4000) COLLATE utf8_bin DEFAULT NULL,
  `TEXT2_` varchar(4000) COLLATE utf8_bin DEFAULT NULL,
  PRIMARY KEY (`ID_`),
  KEY `ACT_IDX_VARIABLE_TASK_ID` (`TASK_ID_`),
  KEY `ACT_FK_VAR_EXE` (`EXECUTION_ID_`),
  KEY `ACT_FK_VAR_PROCINST` (`PROC_INST_ID_`),
  KEY `ACT_FK_VAR_BYTEARRAY` (`BYTEARRAY_ID_`),
  CONSTRAINT `ACT_FK_VAR_BYTEARRAY` FOREIGN KEY (`BYTEARRAY_ID_`) REFERENCES `act_ge_bytearray` (`ID_`),
  CONSTRAINT `ACT_FK_VAR_EXE` FOREIGN KEY (`EXECUTION_ID_`) REFERENCES `act_ru_execution` (`ID_`),
  CONSTRAINT `ACT_FK_VAR_PROCINST` FOREIGN KEY (`PROC_INST_ID_`) REFERENCES `act_ru_execution` (`ID_`)
) ENGINE=InnoDB DEFAULT CHARSET=utf8 COLLATE=utf8_bin;

-- ----------------------------
-- Records of act_ru_variable
-- ----------------------------
INSERT INTO `act_ru_variable` VALUES ('207', '1', 'serializable', 'expa', '201', '201', null, '206', null, null, null, null);
INSERT INTO `act_ru_variable` VALUES ('212', '2', 'integer', 'managerMark', '201', '201', null, null, null, '1', '1', null);
INSERT INTO `act_ru_variable` VALUES ('407', '1', 'serializable', 'expa', '401', '401', null, '406', null, null, null, null);

-- ----------------------------
-- Table structure for audit_history
-- ----------------------------
DROP TABLE IF EXISTS `audit_history`;
CREATE TABLE `audit_history` (
  `audit_id` int(11) NOT NULL AUTO_INCREMENT,
  `expense_id` int(11) DEFAULT NULL,
  `user_id` int(11) DEFAULT NULL,
  `audit_time` datetime DEFAULT NULL,
  `audit_state` varchar(5) DEFAULT NULL,
  `audit_desc` varchar(1000) DEFAULT NULL,
  PRIMARY KEY (`audit_id`),
  KEY `FK_Reference_8` (`expense_id`),
  KEY `FK_Reference_9` (`user_id`),
  CONSTRAINT `FK_Reference_8` FOREIGN KEY (`expense_id`) REFERENCES `expense_account` (`expense_id`),
  CONSTRAINT `FK_Reference_9` FOREIGN KEY (`user_id`) REFERENCES `user_info` (`user_id`)
) ENGINE=InnoDB AUTO_INCREMENT=28 DEFAULT CHARSET=utf8;

-- ----------------------------
-- Records of audit_history
-- ----------------------------
INSERT INTO `audit_history` VALUES ('3', '1', '8', '2015-12-14 18:18:09', '2', '');
INSERT INTO `audit_history` VALUES ('4', '2', '8', '2015-12-14 18:18:29', '-1', '');
INSERT INTO `audit_history` VALUES ('5', '3', '8', '2015-12-14 18:18:59', 'del', '');
INSERT INTO `audit_history` VALUES ('6', '6', '1', '2015-12-14 23:02:02', '2', 'adsad');
INSERT INTO `audit_history` VALUES ('7', '1', '1', '2015-12-14 23:24:41', '3', '    ');
INSERT INTO `audit_history` VALUES ('8', '6', '1', '2015-12-14 23:25:11', '3', 'asdsad');
INSERT INTO `audit_history` VALUES ('9', '7', '1', '2015-12-14 23:53:35', '2', '');
INSERT INTO `audit_history` VALUES ('10', '7', '1', '2015-12-14 23:54:01', '-2', '');
INSERT INTO `audit_history` VALUES ('11', '10', '1', '2015-12-15 01:36:56', '-1', 'sss');
INSERT INTO `audit_history` VALUES ('12', '11', '1', '2015-12-16 22:59:35', '2', '');
INSERT INTO `audit_history` VALUES ('13', '12', '1', '2015-12-28 16:44:17', '2', '');
INSERT INTO `audit_history` VALUES ('14', '12', '1', '2015-12-28 16:44:23', '3', '');
INSERT INTO `audit_history` VALUES ('15', '9', '1', '2015-12-29 18:21:43', '2', '1231');
INSERT INTO `audit_history` VALUES ('25', '24', '3', '2018-06-18 23:42:49', 'del', '');
INSERT INTO `audit_history` VALUES ('26', '23', '3', '2018-06-19 14:36:38', '2', '');
INSERT INTO `audit_history` VALUES ('27', '22', '3', '2018-06-19 14:37:01', 'del', '');

-- ----------------------------
-- Table structure for cost_info
-- ----------------------------
DROP TABLE IF EXISTS `cost_info`;
CREATE TABLE `cost_info` (
  `cost_id` int(11) NOT NULL AUTO_INCREMENT,
  `cost_name` varchar(100) DEFAULT NULL,
  `cost_desc` varchar(1000) DEFAULT NULL,
  `cost_mark` varchar(5) DEFAULT NULL,
  PRIMARY KEY (`cost_id`)
) ENGINE=InnoDB AUTO_INCREMENT=8 DEFAULT CHARSET=utf8;

-- ----------------------------
-- Records of cost_info
-- ----------------------------
INSERT INTO `cost_info` VALUES ('1', '', '200', '1');
INSERT INTO `cost_info` VALUES ('2', '', '1', '1');
INSERT INTO `cost_info` VALUES ('3', '', '100', '1');
INSERT INTO `cost_info` VALUES ('4', '', '', '1');
INSERT INTO `cost_info` VALUES ('5', '', '', '1');
INSERT INTO `cost_info` VALUES ('6', '', '1001250', '1');
INSERT INTO `cost_info` VALUES ('7', '', '', '1');

-- ----------------------------
-- Table structure for expense_account
-- ----------------------------
DROP TABLE IF EXISTS `expense_account`;
CREATE TABLE `expense_account` (
  `expense_id` int(11) NOT NULL AUTO_INCREMENT,
  `user_id` int(11) DEFAULT NULL,
  `expense_name` varchar(300) DEFAULT NULL,
  `expense_desc` varchar(1000) DEFAULT NULL,
  `expense_time` datetime DEFAULT NULL,
  `expense_state` varchar(5) DEFAULT NULL,
  `expense_total` double DEFAULT NULL,
  PRIMARY KEY (`expense_id`),
  KEY `FK_Reference_5` (`user_id`),
  CONSTRAINT `FK_Reference_5` FOREIGN KEY (`user_id`) REFERENCES `user_info` (`user_id`)
) ENGINE=InnoDB AUTO_INCREMENT=25 DEFAULT CHARSET=utf8;

-- ----------------------------
-- Records of expense_account
-- ----------------------------
INSERT INTO `expense_account` VALUES ('1', '1', '', '', '2015-09-13 00:00:00', '3', '7000');
INSERT INTO `expense_account` VALUES ('2', '1', '1', '', '2015-12-13 00:00:00', '1', '12222');
INSERT INTO `expense_account` VALUES ('3', '1', '', '', '2015-12-14 00:00:00', 'del', '10000');
INSERT INTO `expense_account` VALUES ('6', '8', '', '', '2015-10-14 00:00:00', '3', '6500');
INSERT INTO `expense_account` VALUES ('7', '1', '1', '', '2015-12-15 00:00:00', '1', '12332');
INSERT INTO `expense_account` VALUES ('8', '1', '', '', '2015-12-15 00:00:00', '3', '3333');
INSERT INTO `expense_account` VALUES ('9', '1', '2', '2', '2015-12-14 00:00:00', '2', '2221');
INSERT INTO `expense_account` VALUES ('10', '1', '1', '1', '2015-12-14 00:00:00', '0', '1221');
INSERT INTO `expense_account` VALUES ('11', '1', '8888', '', '2016-01-16 00:00:00', '3', '1899');
INSERT INTO `expense_account` VALUES ('12', '1', '', '', '2015-12-28 00:00:00', '3', '1900');
INSERT INTO `expense_account` VALUES ('13', '3', '', '', '2018-05-23 00:00:00', null, '500');
INSERT INTO `expense_account` VALUES ('14', '3', '', '12222222222', '2018-06-16 00:00:00', '1', '1300');
INSERT INTO `expense_account` VALUES ('15', '3', '', '111111111', '2018-06-16 00:00:00', '1', '10000');
INSERT INTO `expense_account` VALUES ('16', '3', '', '0000033222266', '2018-06-16 00:00:00', '1', '30000');
INSERT INTO `expense_account` VALUES ('19', '3', '', 'eeeeee', '2018-06-16 00:00:00', '1', '5555');
INSERT INTO `expense_account` VALUES ('20', '3', '', '', '2018-06-16 00:00:00', '1', '900');
INSERT INTO `expense_account` VALUES ('22', '3', '', '999999', '2018-06-16 00:00:00', 'del', '100');
INSERT INTO `expense_account` VALUES ('23', '3', '', '15555555', '2018-06-16 00:00:00', '2', '12222');
INSERT INTO `expense_account` VALUES ('24', '3', '', '', '2018-06-18 00:00:00', 'del', '6500');

-- ----------------------------
-- Table structure for expense_details
-- ----------------------------
DROP TABLE IF EXISTS `expense_details`;
CREATE TABLE `expense_details` (
  `expense_details_id` int(11) NOT NULL AUTO_INCREMENT,
  `expense_id` int(11) NOT NULL,
  `cost_id` int(11) DEFAULT NULL,
  `expense_details_amount` double DEFAULT NULL,
  PRIMARY KEY (`expense_details_id`),
  KEY `FK_Reference_6` (`expense_id`),
  KEY `FK_Reference_7` (`cost_id`),
  CONSTRAINT `FK_Reference_6` FOREIGN KEY (`expense_id`) REFERENCES `expense_account` (`expense_id`),
  CONSTRAINT `FK_Reference_7` FOREIGN KEY (`cost_id`) REFERENCES `cost_info` (`cost_id`)
) ENGINE=InnoDB AUTO_INCREMENT=37 DEFAULT CHARSET=utf8;

-- ----------------------------
-- Records of expense_details
-- ----------------------------
INSERT INTO `expense_details` VALUES ('1', '1', '2', '3000');
INSERT INTO `expense_details` VALUES ('2', '1', '1', '4000');
INSERT INTO `expense_details` VALUES ('5', '3', '1', '10000');
INSERT INTO `expense_details` VALUES ('6', '6', '2', '4000');
INSERT INTO `expense_details` VALUES ('7', '6', '1', '2500');
INSERT INTO `expense_details` VALUES ('10', '8', '2', '3333');
INSERT INTO `expense_details` VALUES ('11', '9', '1', '666');
INSERT INTO `expense_details` VALUES ('12', '9', '2', '555');
INSERT INTO `expense_details` VALUES ('13', '9', '3', '1000');
INSERT INTO `expense_details` VALUES ('14', '10', '1', '666');
INSERT INTO `expense_details` VALUES ('15', '10', '2', '555');
INSERT INTO `expense_details` VALUES ('16', '7', '1', '666');
INSERT INTO `expense_details` VALUES ('17', '7', '2', '555');
INSERT INTO `expense_details` VALUES ('18', '7', '3', '11111');
INSERT INTO `expense_details` VALUES ('19', '2', '1', '1111');
INSERT INTO `expense_details` VALUES ('20', '2', '2', '11111');
INSERT INTO `expense_details` VALUES ('21', '11', '2', '900');
INSERT INTO `expense_details` VALUES ('22', '11', '1', '999');
INSERT INTO `expense_details` VALUES ('23', '12', '3', '200');
INSERT INTO `expense_details` VALUES ('24', '12', '2', '500');
INSERT INTO `expense_details` VALUES ('25', '12', '1', '1200');
INSERT INTO `expense_details` VALUES ('26', '13', '5', '500');
INSERT INTO `expense_details` VALUES ('27', '14', '6', '600');
INSERT INTO `expense_details` VALUES ('28', '14', '5', '700');
INSERT INTO `expense_details` VALUES ('29', '15', '3', '10000');
INSERT INTO `expense_details` VALUES ('31', '19', '3', '5555');
INSERT INTO `expense_details` VALUES ('32', '20', '5', '900');
INSERT INTO `expense_details` VALUES ('33', '22', '4', '100');
INSERT INTO `expense_details` VALUES ('34', '23', '5', '12222');
INSERT INTO `expense_details` VALUES ('35', '24', '6', '500');
INSERT INTO `expense_details` VALUES ('36', '24', '5', '6000');

-- ----------------------------
-- Table structure for menu_info
-- ----------------------------
DROP TABLE IF EXISTS `menu_info`;
CREATE TABLE `menu_info` (
  `menu_id` int(11) NOT NULL,
  `prent_menu_id` int(11) DEFAULT NULL,
  `menu_name` varchar(100) DEFAULT NULL,
  `menu_url` varchar(1000) DEFAULT NULL,
  PRIMARY KEY (`menu_id`),
  KEY `FK_Reference_1` (`prent_menu_id`)
) ENGINE=InnoDB DEFAULT CHARSET=utf8;

-- ----------------------------
-- Records of menu_info
-- ----------------------------
INSERT INTO `menu_info` VALUES ('0', '-1', '', null);
INSERT INTO `menu_info` VALUES ('1', '0', '', null);
INSERT INTO `menu_info` VALUES ('3', '1', '', 'user/list.do');
INSERT INTO `menu_info` VALUES ('4', '1', '', 'role/list.do');
INSERT INTO `menu_info` VALUES ('7', '1', '', 'menu/list.do');
INSERT INTO `menu_info` VALUES ('8', '0', '', '');
INSERT INTO `menu_info` VALUES ('9', '8', '', 'expense/loadadd.do');
INSERT INTO `menu_info` VALUES ('10', '1', '', 'anthority/list.do');
INSERT INTO `menu_info` VALUES ('11', '1', '', 'cost/list.do');
INSERT INTO `menu_info` VALUES ('12', '8', '', 'expense/loadAuditManager.do');
INSERT INTO `menu_info` VALUES ('13', '8', '', 'expense/loadAuditFinance.do');
INSERT INTO `menu_info` VALUES ('14', '8', '', 'expense/mylist.do');
INSERT INTO `menu_info` VALUES ('15', '8', '', 'expense/myauditlist.do');
INSERT INTO `menu_info` VALUES ('16', '8', '', 'expense/list.do');
INSERT INTO `menu_info` VALUES ('17', '0', '', '');
INSERT INTO `menu_info` VALUES ('18', '17', '', 'salary/loadadd.do');
INSERT INTO `menu_info` VALUES ('19', '17', '', 'salary/list.do');
INSERT INTO `menu_info` VALUES ('20', '0', '', '');
INSERT INTO `menu_info` VALUES ('21', '20', 'table', 'report/salaryMonth.do');
INSERT INTO `menu_info` VALUES ('22', '20', '', 'report/salaryMonth.do?type=column');
INSERT INTO `menu_info` VALUES ('23', '20', '', 'report/salaryMonth.do?type=line');
INSERT INTO `menu_info` VALUES ('24', '20', '(table)', 'report/expenseMonth.do');
INSERT INTO `menu_info` VALUES ('25', '20', '()', 'report/expenseMonth.do?type=column');
INSERT INTO `menu_info` VALUES ('26', '20', '()', 'report/expenseMonth.do?type=spline');
INSERT INTO `menu_info` VALUES ('27', '20', '(table)', 'report/expenseCost.do');
INSERT INTO `menu_info` VALUES ('28', '20', '()', 'report/expenseCost.do?type=pie');
INSERT INTO `menu_info` VALUES ('29', '20', '()', 'report/expenseCost.do?type=column');
INSERT INTO `menu_info` VALUES ('30', '20', '()', 'report/expenseCost.do?type=spline');
INSERT INTO `menu_info` VALUES ('31', '0', '', 'project/list.do');
INSERT INTO `menu_info` VALUES ('32', '31', '', 'aftersale/list.do');
INSERT INTO `menu_info` VALUES ('33', '31', '', 'expa/list.do?type=manager');
INSERT INTO `menu_info` VALUES ('34', '31', '', 'expa/list.do?type=finance');
INSERT INTO `menu_info` VALUES ('35', '31', '', 'expa/mylist.do');
INSERT INTO `menu_info` VALUES ('36', '31', '', 'expa/hisList.do');
INSERT INTO `menu_info` VALUES ('37', '1', '', 'processdefin/loadAdd.do');
INSERT INTO `menu_info` VALUES ('38', '1', '', 'processdefin/list.do');
INSERT INTO `menu_info` VALUES ('39', '31', '', 'expa/hisMyList.do');
INSERT INTO `menu_info` VALUES ('40', '31', '', 'project/list.do');

-- ----------------------------
-- Table structure for role_info
-- ----------------------------
DROP TABLE IF EXISTS `role_info`;
CREATE TABLE `role_info` (
  `role_id` int(11) NOT NULL AUTO_INCREMENT,
  `role_name` varchar(100) DEFAULT NULL,
  `role_desc` varchar(1000) DEFAULT NULL,
  `role_mark` varchar(5) DEFAULT NULL,
  PRIMARY KEY (`role_id`)
) ENGINE=InnoDB AUTO_INCREMENT=13 DEFAULT CHARSET=utf8;

-- ----------------------------
-- Records of role_info
-- ----------------------------
INSERT INTO `role_info` VALUES ('1', '', '', '1');
INSERT INTO `role_info` VALUES ('2', '', '', '1');
INSERT INTO `role_info` VALUES ('3', '', '', '0');
INSERT INTO `role_info` VALUES ('4', '', '', '0');
INSERT INTO `role_info` VALUES ('5', '', '', '1');
INSERT INTO `role_info` VALUES ('6', '', '', '1');
INSERT INTO `role_info` VALUES ('7', '12', '', '0');
INSERT INTO `role_info` VALUES ('8', '3', '', '0');
INSERT INTO `role_info` VALUES ('9', '4', '', '0');
INSERT INTO `role_info` VALUES ('10', '15', '', '0');
INSERT INTO `role_info` VALUES ('11', '16', '', '0');
INSERT INTO `role_info` VALUES ('12', '71', '77', '0');

-- ----------------------------
-- Table structure for role_menu_info
-- ----------------------------
DROP TABLE IF EXISTS `role_menu_info`;
CREATE TABLE `role_menu_info` (
  `role_menu_id` int(11) NOT NULL AUTO_INCREMENT,
  `menu_id` int(11) DEFAULT NULL,
  `role_id` int(11) DEFAULT NULL,
  PRIMARY KEY (`role_menu_id`),
  KEY `FK_Reference_3` (`menu_id`),
  KEY `FK_Reference_4` (`role_id`),
  CONSTRAINT `FK_Reference_3` FOREIGN KEY (`menu_id`) REFERENCES `menu_info` (`menu_id`),
  CONSTRAINT `FK_Reference_4` FOREIGN KEY (`role_id`) REFERENCES `role_info` (`role_id`)
) ENGINE=InnoDB AUTO_INCREMENT=274 DEFAULT CHARSET=utf8;

-- ----------------------------
-- Records of role_menu_info
-- ----------------------------
INSERT INTO `role_menu_info` VALUES ('191', '1', '2');
INSERT INTO `role_menu_info` VALUES ('192', '3', '2');
INSERT INTO `role_menu_info` VALUES ('193', '4', '2');
INSERT INTO `role_menu_info` VALUES ('194', '7', '2');
INSERT INTO `role_menu_info` VALUES ('195', '10', '2');
INSERT INTO `role_menu_info` VALUES ('196', '11', '2');
INSERT INTO `role_menu_info` VALUES ('197', '37', '2');
INSERT INTO `role_menu_info` VALUES ('198', '38', '2');
INSERT INTO `role_menu_info` VALUES ('199', '8', '2');
INSERT INTO `role_menu_info` VALUES ('200', '9', '2');
INSERT INTO `role_menu_info` VALUES ('201', '12', '2');
INSERT INTO `role_menu_info` VALUES ('202', '13', '2');
INSERT INTO `role_menu_info` VALUES ('203', '14', '2');
INSERT INTO `role_menu_info` VALUES ('204', '15', '2');
INSERT INTO `role_menu_info` VALUES ('205', '16', '2');
INSERT INTO `role_menu_info` VALUES ('206', '17', '2');
INSERT INTO `role_menu_info` VALUES ('207', '18', '2');
INSERT INTO `role_menu_info` VALUES ('208', '19', '2');
INSERT INTO `role_menu_info` VALUES ('209', '20', '2');
INSERT INTO `role_menu_info` VALUES ('210', '21', '2');
INSERT INTO `role_menu_info` VALUES ('211', '22', '2');
INSERT INTO `role_menu_info` VALUES ('212', '23', '2');
INSERT INTO `role_menu_info` VALUES ('213', '24', '2');
INSERT INTO `role_menu_info` VALUES ('214', '25', '2');
INSERT INTO `role_menu_info` VALUES ('215', '26', '2');
INSERT INTO `role_menu_info` VALUES ('216', '27', '2');
INSERT INTO `role_menu_info` VALUES ('217', '28', '2');
INSERT INTO `role_menu_info` VALUES ('218', '29', '2');
INSERT INTO `role_menu_info` VALUES ('219', '30', '2');
INSERT INTO `role_menu_info` VALUES ('220', '31', '2');
INSERT INTO `role_menu_info` VALUES ('221', '32', '2');
INSERT INTO `role_menu_info` VALUES ('222', '33', '2');
INSERT INTO `role_menu_info` VALUES ('223', '34', '2');
INSERT INTO `role_menu_info` VALUES ('224', '35', '2');
INSERT INTO `role_menu_info` VALUES ('225', '36', '2');
INSERT INTO `role_menu_info` VALUES ('226', '39', '2');
INSERT INTO `role_menu_info` VALUES ('235', '8', '6');
INSERT INTO `role_menu_info` VALUES ('236', '9', '6');
INSERT INTO `role_menu_info` VALUES ('237', '12', '6');
INSERT INTO `role_menu_info` VALUES ('238', '14', '6');
INSERT INTO `role_menu_info` VALUES ('239', '15', '6');
INSERT INTO `role_menu_info` VALUES ('240', '16', '6');
INSERT INTO `role_menu_info` VALUES ('241', '17', '6');
INSERT INTO `role_menu_info` VALUES ('242', '19', '6');
INSERT INTO `role_menu_info` VALUES ('243', '20', '6');
INSERT INTO `role_menu_info` VALUES ('244', '21', '6');
INSERT INTO `role_menu_info` VALUES ('245', '22', '6');
INSERT INTO `role_menu_info` VALUES ('246', '23', '6');
INSERT INTO `role_menu_info` VALUES ('247', '24', '6');
INSERT INTO `role_menu_info` VALUES ('248', '25', '6');
INSERT INTO `role_menu_info` VALUES ('249', '29', '6');
INSERT INTO `role_menu_info` VALUES ('250', '30', '6');
INSERT INTO `role_menu_info` VALUES ('251', '31', '6');
INSERT INTO `role_menu_info` VALUES ('252', '33', '6');
INSERT INTO `role_menu_info` VALUES ('253', '36', '6');
INSERT INTO `role_menu_info` VALUES ('254', '8', '1');
INSERT INTO `role_menu_info` VALUES ('255', '9', '1');
INSERT INTO `role_menu_info` VALUES ('256', '14', '1');
INSERT INTO `role_menu_info` VALUES ('257', '17', '1');
INSERT INTO `role_menu_info` VALUES ('258', '19', '1');
INSERT INTO `role_menu_info` VALUES ('259', '31', '1');
INSERT INTO `role_menu_info` VALUES ('260', '32', '1');
INSERT INTO `role_menu_info` VALUES ('261', '35', '1');
INSERT INTO `role_menu_info` VALUES ('262', '39', '1');
INSERT INTO `role_menu_info` VALUES ('263', '8', '5');
INSERT INTO `role_menu_info` VALUES ('264', '9', '5');
INSERT INTO `role_menu_info` VALUES ('265', '13', '5');
INSERT INTO `role_menu_info` VALUES ('266', '15', '5');
INSERT INTO `role_menu_info` VALUES ('267', '16', '5');
INSERT INTO `role_menu_info` VALUES ('268', '17', '5');
INSERT INTO `role_menu_info` VALUES ('269', '18', '5');
INSERT INTO `role_menu_info` VALUES ('270', '19', '5');
INSERT INTO `role_menu_info` VALUES ('271', '31', '5');
INSERT INTO `role_menu_info` VALUES ('272', '34', '5');
INSERT INTO `role_menu_info` VALUES ('273', '36', '5');

-- ----------------------------
-- Table structure for salary_payment
-- ----------------------------
DROP TABLE IF EXISTS `salary_payment`;
CREATE TABLE `salary_payment` (
  `payment_id` int(11) NOT NULL AUTO_INCREMENT,
  `user_id` int(11) DEFAULT NULL,
  `payment_time` datetime DEFAULT NULL,
  `payment_money` double DEFAULT NULL,
  PRIMARY KEY (`payment_id`),
  KEY `FK_Reference_10` (`user_id`),
  CONSTRAINT `FK_Reference_10` FOREIGN KEY (`user_id`) REFERENCES `user_info` (`user_id`)
) ENGINE=InnoDB AUTO_INCREMENT=17 DEFAULT CHARSET=utf8;

-- ----------------------------
-- Records of salary_payment
-- ----------------------------
INSERT INTO `salary_payment` VALUES ('1', '1', '2015-12-17 00:00:00', '3000');
INSERT INTO `salary_payment` VALUES ('2', '1', '2015-12-17 00:00:00', '8000');
INSERT INTO `salary_payment` VALUES ('3', '1', '2015-12-17 00:00:00', '30000');
INSERT INTO `salary_payment` VALUES ('4', '1', '2015-12-18 00:00:00', '10000');
INSERT INTO `salary_payment` VALUES ('5', '10', '2015-12-15 00:00:00', '3000');
INSERT INTO `salary_payment` VALUES ('6', '1', '2015-12-30 00:00:00', '3000');
INSERT INTO `salary_payment` VALUES ('7', '2', '2015-12-30 00:00:00', '1500');
INSERT INTO `salary_payment` VALUES ('8', '8', '2015-12-30 00:00:00', '10000');
INSERT INTO `salary_payment` VALUES ('9', '10', '2015-12-30 00:00:00', '4000');
INSERT INTO `salary_payment` VALUES ('10', '1', '2016-01-30 00:00:00', '3000');
INSERT INTO `salary_payment` VALUES ('11', '2', '2016-01-30 00:00:00', '1500');
INSERT INTO `salary_payment` VALUES ('12', '8', '2016-01-30 00:00:00', '10000');
INSERT INTO `salary_payment` VALUES ('13', '10', '2016-01-30 00:00:00', '4000');
INSERT INTO `salary_payment` VALUES ('14', '10', '2015-04-28 00:00:00', '20000');
INSERT INTO `salary_payment` VALUES ('15', '9', '2015-11-15 00:00:00', '3000');
INSERT INTO `salary_payment` VALUES ('16', '10', '2015-10-30 00:00:00', '5555');

-- ----------------------------
-- Table structure for user_info
-- ----------------------------
DROP TABLE IF EXISTS `user_info`;
CREATE TABLE `user_info` (
  `user_id` int(11) NOT NULL AUTO_INCREMENT,
  `role_id` int(11) DEFAULT NULL,
  `user_name` varchar(50) DEFAULT NULL,
  `user_sex` varchar(10) DEFAULT NULL,
  `user_age` int(11) DEFAULT NULL,
  `user_account` varchar(100) DEFAULT NULL,
  `user_password` varchar(100) DEFAULT NULL,
  `user_salary` double DEFAULT NULL,
  `user_mark` varchar(5) DEFAULT NULL COMMENT '1  0 ',
  PRIMARY KEY (`user_id`),
  UNIQUE KEY `user_account` (`user_account`),
  KEY `FK_Reference_2` (`role_id`),
  CONSTRAINT `FK_Reference_2` FOREIGN KEY (`role_id`) REFERENCES `role_info` (`role_id`)
) ENGINE=InnoDB AUTO_INCREMENT=14 DEFAULT CHARSET=utf8;

-- ----------------------------
-- Records of user_info
-- ----------------------------
INSERT INTO `user_info` VALUES ('1', '2', '', '', '18', 'admin', '123', '500', '1');
INSERT INTO `user_info` VALUES ('2', '1', '', '', '25', 'admin1', '123', '111111', '1');
INSERT INTO `user_info` VALUES ('3', '2', '', '', '23', '', '123456', '9999', '1');
INSERT INTO `user_info` VALUES ('4', '12', null, null, null, null, null, null, '0');
INSERT INTO `user_info` VALUES ('5', '12', null, null, null, null, null, null, '0');
INSERT INTO `user_info` VALUES ('6', '12', null, null, null, null, null, null, '0');
INSERT INTO `user_info` VALUES ('7', '12', null, null, null, null, null, null, '0');
INSERT INTO `user_info` VALUES ('8', '6', '', '', '11', 'admin2', '123', '111', '1');
INSERT INTO `user_info` VALUES ('9', '5', '', '', '33', 'admin3', '123', '3333', '1');
INSERT INTO `user_info` VALUES ('10', '2', '', '', '11', 'tangbohu', '123', '1111', '1');
INSERT INTO `user_info` VALUES ('11', '1', '', '', '18', 'user', '123', '11111', '1');
INSERT INTO `user_info` VALUES ('12', '6', '', '', '18', 'manager', '123', '11111', '1');
INSERT INTO `user_info` VALUES ('13', '5', '', '', '18', 'finance', '123', '11111', '0');
